product_id,credibility_score,tag,avg_norm_rating,count_norm_rating,pos_1,pos_2,pos_3,neg_1,neg_2,neg_3
912d838b-5e84-4aef-a0dd-bb23f44e5913,97,beginner_L1_merchant,0.0,197,good,fast,best,bad,price,damaged
34bb8bfe-e134-41af-a487-3b8d4ce6fff0,100,beginner_L4_merchant,0.02,40,good,fast,worth,price,noise,bad
35ff0f3c-8a06-4e33-a789-319ff793220d,100,beginner_L1_merchant,-0.07,14,good,great,well,pain,price,mistake
33cfcddf-a606-4d60-8d78-5926aee333ac,100,beginner_L1_merchant,-0.12,14,good,fast,works,weak,,
58b2475a-2ba2-4404-b9b5-35a633c76462,98,beginner_L2_merchant,0.02,352,good,fast,well,price,noise,issue
c9c4c3aa-db70-4bcc-8357-4bf97ed89f4b,100,beginner_L2_merchant,0.03,13,good,well,fast,price,bad,expensive
62c5242d-5350-4f24-976d-7b0fc6554b90,100,beginner_L1_merchant,0.02,37,good,fast,great,price,scratch,broken
363c5275-c823-4331-ab39-bfdfe5242609,97,beginner_L4_merchant,0.02,429,good,fast,well,bad,price,noise
90abf5a5-0603-4b85-bc96-e247a4a4e031,100,beginner_L1_merchant,0.04,36,good,fast,well,damaged,badly,bad
4718d2a4-f0a4-48cd-a0ce-e1b663bdba02,100,beginner_L2_merchant,0,44,good,fast,well,noise,stain,dirty
bdb6abae-ed6c-4bcb-9e30-73146884765a,100,beginner_L1_merchant,0,6,good,great,likes,bad,dull,
323a2d20-346c-4373-8536-9460c2446a8a,100,beginner_L1_merchant,0,2,good,comfortable,clear,noise,worn,
15eecb2b-4a23-4b78-be6c-38eadfa1be51,100,beginner_L2_merchant,-0.01,52,good,fast,well,price,dented,poor
863e665d-f477-4741-b2d6-5835d83a6ec3,100,beginner_L2_merchant,0,0,good,work,well,price,,
d4762088-f54e-4297-aefe-b7a5c2fc5b76,100,top_merchant,0.14,19,good,well,great,price,noise,bad
b5f3f2c3-b956-4425-b7cc-be3096221401,100,beginner_L4_merchant,-0.25,25,good,fast,well,bad,issue,stuck
6cee19d7-8c5b-4a2e-999f-b301c7837092,97,beginner_L4_merchant,0,189,good,fast,well,price,bad,painful
edcaecef-2812-4539-a6a9-f369343f94f1,100,beginner_L2_merchant,0,8,good,fast,great,price,horrible,crushed
f0e0baf4-1335-4289-a13f-1e78cf5d1bc8,100,beginner_L4_merchant,0,9,good,well,fast,steal,price,bad
c7340ef5-632f-423e-b361-8ad538e0a34e,100,beginner_L2_merchant,0.05,13,good,fast,love,peeled,headaches,broke
f461abe5-32e2-4d8f-84ad-3fdecc74e901,100,beginner_L1_merchant,0.13,7,good,fast,well,bad,weak,
3670e3a8-6742-4241-a2be-1319e531e2fc,100,beginner_L1_merchant,-0.07,14,good,worth,free,badly,loud,price
b14fb80e-204a-4007-8a22-8d467f9cbc36,99,beginner_L2_merchant,-0.02,23,good,beautiful,fast,price,hurts,loud
39d43177-d901-4178-b9e1-cfc08d5dfdf4,98,beginner_L2_merchant,0.02,70,good,well,fast,price,bad,hard
52e92af4-391b-4682-b401-609f053558e4,100,beginner_L1_merchant,0,2,good,nice,fast,price,problem,dented
0562b9b3-df23-4197-ac9f-be7bb2e53b75,100,beginner_L1_merchant,0,11,good,great,fast,freaking,,
a6c53ddf-d85a-4186-bb67-7bc06ab0af32,100,beginner_L1_merchant,-0.02,14,good,thank,well,deformed,price,lost
adb2a956-1627-4780-9e92-a48d12e4d430,98,beginner_L4_merchant,-0.25,36,good,fast,thank,disappointed,spoil,wrong
9adcc0d2-9560-441f-a7d3-a6e031a86ec8,100,beginner_L2_merchant,0.04,37,good,fast,well,fragile,setback,dump
e7088fc8-7558-4c6f-9e97-73084cb1712f,98,beginner_L1_merchant,0.02,20,good,like,fast,price,noise,worn
19065fbe-bdb9-4676-b5c2-c32dd4903d26,100,beginner_L2_merchant,0,6,good,well,fast,,,
5fd55bd6-066b-4b5c-a931-655bf8fbc095,100,beginner_L2_merchant,0.05,72,good,fast,love,bad,feeble,leak
665ce6c0-f144-44e9-9e71-f1d8cf28cfcc,99,beginner_L2_merchant,0,81,good,fast,well,bad,broke,broken
fdcfed58-7221-4308-b4f3-1ea69d467301,100,beginner_L4_merchant,-0.03,15,good,fast,well,,,
e1366b54-47df-429c-b19e-c2173ac35fe7,98,beginner_L2_merchant,-0.11,71,good,well,fast,bad,price,wrong
54e03d11-608c-42f0-8649-ede70de6e4e3,100,beginner_L4_merchant,0.04,61,good,fast,well,price,problem,spoil
3d10378b-9438-48bb-b40f-ddc4b1be2f0b,100,beginner_L2_merchant,-0.28,9,good,fast,well,damaged,hassle,dented
d803b6b2-7162-4d4e-8a31-3632dcca5a99,100,beginner_L1_merchant,0,3,good,great,best,defective,dies,disappointment
466b38c7-6d15-440d-a670-46af62342756,100,beginner_L4_merchant,0,3,good,awesome,love,,,
d8e61423-3d6f-478b-9491-c2365d6c5e9a,100,beginner_L2_merchant,0,0,satisfactory,good,satisfied,,,
00ca38b7-8d71-4a14-8ff3-2e3502c740d3,100,beginner_L4_merchant,-0.18,10,good,great,worth,price,bad,damaged
0710c533-876e-44ee-99e9-6ba5a36b0463,100,beginner_L1_merchant,0,1,worth,solid,,,,
943313a3-b277-488e-a34a-2637b2bf9b93,100,beginner_L1_merchant,0,0,good,,,,,
8f47fdc3-1f10-49d5-86bb-258c051ae4de,100,beginner_L1_merchant,-1,1,,,,,,
a42966e0-ce9f-4d34-99fc-14a6a2465c4c,100,beginner_L1_merchant,0,3,good,comfortable,affordable,,,
5eec66af-e431-4e07-8e00-fe0d7433584b,100,beginner_L1_merchant,0,0,,,,,,
cd6c11d7-d842-4a56-b3ec-f8b76aff86b8,97,beginner_L1_merchant,0.02,65,good,best,fast,price,bad,broken
d5c243d6-7a5f-4d75-a47a-ce53f22d90d4,100,beginner_L1_merchant,0,1,good,right,recommend,problem,,
fb082e99-735e-4cb4-8ccd-03fd41b8407e,100,beginner_L1_merchant,0,4,good,great,super,fake,weird,price
aeb0e8bf-1deb-480f-a6ba-287efc2e33b9,100,beginner_L2_merchant,-0.1,74,good,fast,well,dented,bad,faulty
35c5e3e8-3dba-47a4-9d38-0d16c805bb17,100,beginner_L1_merchant,0.2,5,good,recommended,well,,,
31e9ff13-84c5-4d49-8da6-35f5aea1ac31,100,beginner_L1_merchant,0,0,responsive,fast,good,,,
aa7ae728-4215-4fe6-b731-5c30b2b889b7,100,beginner_L1_merchant,0,2,good,better,,,,
7ae3b217-4996-42c3-90c0-0b0f5b9ebeb7,100,beginner_L2_merchant,-0.2,72,good,fast,worth,price,noise,poor
b4952e1d-b2ab-4086-a3f7-61545416e7c5,100,beginner_L1_merchant,-1,1,pretty,reasonable,improved,,,
9b58c47e-0495-4bdf-9db6-43c3feff6a6c,100,beginner_L1_merchant,-0.12,27,good,fast,nice,damage,price,urgent
59865803-495c-45b8-971e-ebff0c81ba24,100,beginner_L1_merchant,0,3,good,excellent,comfortable,,,
9537a994-1437-4126-9334-4e4f754594d0,100,beginner_L4_merchant,0.04,37,good,clear,well,loud,bad,loose
bcb684c1-3ffa-435c-b1ae-fc48a34e28cc,100,beginner_L4_merchant,0,2,fine,good,nice,,,
5eb6d067-706a-41fe-856f-1d1cca8ca1e6,100,beginner_L4_merchant,-0.01,35,good,fast,well,price,trouble,dislikes
03c3aaed-10ad-435c-9d4d-eb9fe5e0e2cb,100,beginner_L2_merchant,-0.15,5,good,nice,fast,noise,bad,
b949c9c2-5937-40ac-82d4-5b70582502e7,100,beginner_L1_merchant,0,0,good,like,work,,,
70e2b99d-cf6c-4273-b40f-ed8be9717386,100,beginner_L1_merchant,0,0,,,,dishonest,broken,scolded
b3941fff-f975-426c-bda0-76ebc92360d1,100,beginner_L1_merchant,0.07,15,good,fast,nice,scratch,loud,unacceptable
bc081a6b-f6d4-4c77-bb49-7dfdae30c3aa,99,beginner_L4_merchant,0,37,good,free,well,noise,bad,static
90d0d5d5-723d-4ee3-982e-612ff99203df,100,beginner_L2_merchant,0,1,good,nice,well,,,
bb2ff784-016b-4f81-a2d1-9f4eb193c282,100,beginner_L1_merchant,0.17,8,good,worth,great,fake,,
24481c7f-817b-4773-9601-5cef5fc7682f,100,beginner_L1_merchant,0,1,good,great,fast,loud,noise,dangerous
e3d51e18-78d6-4b15-879f-415a2513c633,100,intermediate_merchant,0,1,good,love,nice,,,
471c57db-ed81-47f6-9ce9-b5cc7575509f,100,beginner_L1_merchant,-0.1,5,pretty,fast,good,uncomfortable,noise,
9cdf4e64-3d00-40cc-a5d1-4872530e00ef,100,beginner_L1_merchant,0,0,good,pretty,steady,,,
dfe4564a-2cf5-4024-84a6-082f1ca8aa25,100,beginner_L2_merchant,-0.22,15,good,thank,nice,waste,noise,
8f8910d2-bbf6-41e9-af5d-750a3a151731,100,beginner_L1_merchant,0,0,good,free,fast,uncomfortable,,
674ac33d-21ec-4293-8e3b-62524dbf5436,100,beginner_L2_merchant,0,4,good,thank,wonderful,doubt,,
f0ecb02d-1184-470b-bbcc-e972312db0d4,100,beginner_L4_merchant,0.03,76,good,fast,well,price,unsure,stains
d36961ff-4a81-4f68-b5a4-0264b8ba4028,100,beginner_L1_merchant,-0.01,14,good,fast,worth,bad,damn,leakage
85085951-059c-4265-a5e6-bec8a14a350e,99,beginner_L1_merchant,0,7,good,love,best,lied,regrets,stress
9f8953da-e8f5-4be1-8be1-58772265bfb0,100,beginner_L2_merchant,0.17,2,good,perfect,,,,
e75f6de8-93f8-442a-858c-91ccef3e5095,100,beginner_L1_merchant,0,0,well,congratulations,,,,
7775f8a3-b5b8-485f-8a37-9c96d160fae7,100,beginner_L1_merchant,0,13,good,great,thank,noise,noises,painful
edf12dd9-411f-48a3-b15a-a9540189669e,100,beginner_L1_merchant,0,0,,,,,,
58195f92-3b35-400d-becc-e56957f2ad1f,100,beginner_L1_merchant,0,2,good,nice,fast,,,
316f6cbf-90d7-4038-9007-17a80fe0103e,100,beginner_L2_merchant,0,1,good,,,,,
0f39cd65-5306-4ef8-9359-d8fcf8d12e2a,98,beginner_L4_merchant,-0.01,52,good,fast,well,price,complained,problematic
8a6f14db-50cb-4c53-b366-4c14628a04d5,100,top_merchant,0,3,great,good,fast,bad,lazy,
eb06927e-5747-4bee-aed5-3696a27c4ef5,100,beginner_L1_merchant,0,3,good,great,clear,,,
d2964e31-3e43-47a8-acfa-3cc6b2210b72,100,top_merchant,0,1,good,happy,nice,,,
a54c9b13-9186-471f-b23c-6f408947257c,100,beginner_L1_merchant,-0.11,6,good,fast,great,bad,price,regret
ab55982a-11e1-409a-a3e5-8ad7ec8f2a62,100,beginner_L2_merchant,0,0,fine,works,,,,
86cafb8f-5c07-4819-8a58-1a81b3bf912f,99,beginner_L4_merchant,0.03,165,good,fast,easy,price,flimsy,worry
630785fc-d289-46c7-8891-5b85e10e34ee,100,beginner_L1_merchant,0,4,,,,,,
5cb9281a-8478-4587-b351-6478a9543021,100,beginner_L1_merchant,0,0,,,,,,
b6077939-1e30-4580-bb74-12c437deb664,100,beginner_L1_merchant,0,4,good,fast,great,,,
cd8cf50c-0408-48d6-8d3f-fc703242ff8e,100,beginner_L1_merchant,0,4,love,good,fast,crazy,noise,vibration
234ee2e0-83eb-4416-b21e-a5316fb18996,100,beginner_L2_merchant,0.02,110,good,fast,well,price,lag,loud
3488e53a-046f-48a5-bccb-ee3acffc749a,97,beginner_L4_merchant,-0.02,1359,good,fast,well,price,hard,disappointed
5f63d3b2-b961-456b-85ee-5e0632032759,100,beginner_L2_merchant,0.03,39,good,fast,well,bad,price,loud
1be323a9-4bd1-4bf4-8470-4af8e4133ddb,100,beginner_L1_merchant,-0.04,44,good,fast,well,price,hard,difficult
899b38f2-3d1d-4ff1-9410-defa444f3861,99,beginner_L1_merchant,-0.01,72,good,nice,great,slow,price,bad
b5ba46fa-9ef5-4fbe-902f-530526af878c,100,beginner_L1_merchant,0.08,21,good,silent,well,price,fanciful,complaint
913190f0-b583-4fa8-9312-374cf4634e66,100,beginner_L1_merchant,0,17,good,fast,sensitive,,,
b3a4e980-6e4e-4508-b341-056358af9b69,99,beginner_L4_merchant,-0.02,79,good,fast,well,price,wrong,issue
8f2d2018-fbd0-4aab-aca9-b0cb2bbdd840,98,beginner_L4_merchant,-0.01,253,good,fast,well,price,hard,bad
d19cf120-93e6-4f1c-89c2-2b18187139cb,96,beginner_L2_merchant,0.03,461,good,fast,well,bad,price,loud
95b73f4a-1e51-4e4e-94f1-ad68c55889c2,98,beginner_L4_merchant,0.03,183,good,fast,well,loud,bad,price
75a0ba9f-2c37-4ce4-b9ca-f5d4b97c1924,100,beginner_L2_merchant,0.06,100,good,fast,nice,price,hate,ugly
5cac7abf-58cd-4fed-958e-0315f761db0a,100,beginner_L1_merchant,0.24,11,good,nice,fast,,,
5407f33f-02df-4f64-91ec-339e7c6ddcce,99,beginner_L2_merchant,0.02,108,good,fast,well,bad,hard,plasticky
8e400235-9c07-4921-9ccf-884969d7e67f,99,beginner_L2_merchant,0.03,162,good,fast,well,annoying,price,noisy
3d5b8065-9ebf-42c6-9e1c-d7e403367331,99,beginner_L2_merchant,0.01,72,good,fast,well,,,
f69b935f-adac-4610-b8ef-7133a0720b43,98,beginner_L1_merchant,-0.01,33,good,fast,well,steal,price,disappointed
cbd4fe9d-1474-4653-9e63-9d8bd9233413,100,beginner_L2_merchant,0.04,72,good,fast,great,lousy,noisy,unknown
cd1bc56d-87c6-4860-98b9-74e9ca2526a9,100,intermediate_merchant,0.01,79,good,fast,well,nonsense,downside,lost
df888b69-16e7-410a-b8ee-2f39479cc415,98,beginner_L4_merchant,-0.01,128,good,fast,well,price,complain,damaged
f63f231a-9e3d-4d15-8303-0f92d79e5223,100,beginner_L2_merchant,-0.35,13,good,works,well,price,poor,unfortunately
d96dfe56-d77b-4add-b3a2-1b84cbb30543,100,beginner_L2_merchant,0.08,11,good,cute,great,,,
7562b144-e782-4782-9ce7-19a3ebf2903e,96,beginner_L2_merchant,-0.06,18,good,well,fast,dents,loud,
7ba0810d-0c09-4a30-8fd4-ec78b2f8ebdc,100,beginner_L1_merchant,0,25,good,well,works,disappointed,problematic,price
3811758c-4d35-4f3d-83a3-06a049bb202c,100,beginner_L1_merchant,-0.01,103,good,fast,well,wrong,issues,troublesome
4dba642d-d7be-409f-87b2-e21e1389a794,100,beginner_L1_merchant,0,66,good,fast,love,bad,disappointed,price
043287c4-73c9-4317-9220-2c9450b8f185,100,beginner_L1_merchant,-0.67,3,good,fast,works,,,
c12aceb1-a0fb-4d62-be0f-f6adcce589d3,100,beginner_L2_merchant,0,0,well,love,nice,,,
456ec5e0-c832-48aa-ad98-56d0f175b107,100,beginner_L2_merchant,0,4,good,great,fast,sad,shimmer,
200d3cde-1b59-4ceb-b07d-f14902ba2fc7,100,beginner_L1_merchant,0,7,good,fast,well,squeaky,noise,useless
91b79b7a-93db-4d83-9977-9d760f45ed84,96,beginner_L2_merchant,0.01,24,good,fast,love,hard,loud,sad
ee0d01ca-effc-45e9-8e7b-aed1064323fc,100,beginner_L1_merchant,0,2,nice,work,well,,,
f9540513-4938-4e57-b7db-30996ad29250,100,beginner_L1_merchant,0,0,well,works,fine,,,
4b192bd8-8a92-49eb-bfb3-dba4b767aa92,100,beginner_L1_merchant,0,1,good,,,,,
89c744bb-b91c-49ee-b07a-12d8d80d494a,100,beginner_L1_merchant,0.04,13,good,fast,well,hard,price,broken
51211700-1d5c-4e41-a732-4ce6e6313ce6,100,beginner_L1_merchant,0.5,2,fast,great,good,,,
03e4b789-11d8-40ce-870f-fd99891b3c40,100,beginner_L4_merchant,0.01,70,good,fast,nice,bad,problem,missed
1cda1203-1bda-4731-bfdd-776db655a5ad,100,beginner_L1_merchant,-0.17,3,well,love,fast,lagged,sticky,cranky
d79335f3-7e30-4907-b32e-b84d308b5902,100,beginner_L3_merchant,0.06,46,good,fast,well,faulty,annoying,noisy
284914a9-6d45-4f4d-8fc3-7751a141dd4e,98,beginner_L4_merchant,0.01,253,good,fast,well,price,bad,faulty
3f95addd-d35f-4236-9aab-e0ff282b22ef,100,beginner_L1_merchant,0,1,love,nice,helping,,,
9bfe3373-1fef-4500-88ab-3a6a50137c25,99,beginner_L1_merchant,0.08,26,good,beautiful,like,price,broken,bad
5386c74e-8276-41ec-a8e2-a167233036f2,100,beginner_L2_merchant,-0.03,16,good,cute,well,,,
6f57eed4-a7a1-4c01-8b43-2ddc489fdf68,100,beginner_L4_merchant,0.01,126,good,well,fast,bad,price,flimsy
3d978fc4-d829-4b59-a5bf-3c35d7319ee1,100,beginner_L1_merchant,0,0,good,well,great,fake,,
1f06b4aa-18c7-4c2c-a94d-6ee16ea6b3e8,100,beginner_L2_merchant,0.01,84,good,well,nice,price,stains,faulty
776567fe-60c2-4b68-89db-ab79d83175c2,100,beginner_L2_merchant,0.04,82,good,nice,well,bad,price,wrong
64ccc77d-4036-4e77-8e14-910269c4b1c7,100,beginner_L1_merchant,0,0,,,,,,
27469302-7316-41d4-b036-53ec777356ad,98,beginner_L1_merchant,-0.07,12,good,well,fast,price,hard,dent
42c176de-efee-43a2-83be-74cf2b0dd9fd,100,beginner_L1_merchant,0,4,good,great,works,,,
a57f657c-b6af-4c7e-830d-3370ca561756,100,beginner_L1_merchant,0.33,4,good,great,well,,,
ef15d303-94f9-4902-840e-defad8e79160,100,beginner_L2_merchant,0.12,18,good,fast,well,sucks,issue,swipe
fb53189b-c7c2-4bec-9024-4afa140e06f2,100,beginner_L1_merchant,-0.07,21,good,fast,nice,hard,disadvantage,thrash
f4472980-2692-4909-8d9c-12e321400c85,100,beginner_L1_merchant,0.03,24,good,fast,great,issue,damn,crumpled
aed36f9c-f73f-4251-b675-aae830702199,100,beginner_L1_merchant,0,0,,,,,,
c705be11-b815-44a5-9001-5f949c89c587,98,beginner_L1_merchant,0.04,103,good,fast,well,price,bad,damaged
aac4558d-b71b-4eb2-9ecc-db9c6497cc3f,100,beginner_L1_merchant,0,9,good,comfortable,fast,,,
d48df05d-13f8-4ef1-b612-162f13e9860e,99,beginner_L1_merchant,-0.02,63,good,fast,nice,price,bad,stuck
0612f184-6e92-447d-82c8-da7c3314c0f7,100,beginner_L2_merchant,0,4,good,well,work,,,
4dcfd651-3459-454a-8fa9-768e55fb32f2,98,intermediate_merchant,0.02,105,good,fast,well,hard,faulty,trouble
bf0c35f6-de0a-4bcd-a001-64af4f4addf3,100,beginner_L2_merchant,0,0,,,,,,
53c540d3-be9a-4877-9c4b-5b6949d6ec43,100,beginner_L1_merchant,0.4,5,good,love,works,,,
a508cc79-0d69-4a98-aa2c-03261dda2698,100,beginner_L4_merchant,-0.02,64,good,fast,well,complaints,price,faulty
b50a8377-208b-46f2-b12e-df166037a165,100,beginner_L1_merchant,0.04,16,good,silent,fast,complain,sunken,sink
8ca4088f-5f2e-4994-8e99-442178865f6d,100,beginner_L1_merchant,0,0,,,,,,
5d78f931-46f5-4090-8361-388f7cc6d4cd,100,beginner_L2_merchant,0,4,good,fast,easy,annoy,,
5b80ee8d-291a-4441-819c-3d5eb0f111ef,100,beginner_L2_merchant,0,10,good,fast,well,faulty,unfortunately,noisy
06fcabfe-5bbc-4bdb-87da-0fef46be1e2c,100,beginner_L4_merchant,0.12,8,good,fast,recommended,fat,stiff,
547276e7-c54b-4ce2-ae49-cdb0b0806648,100,beginner_L2_merchant,0,2,,,,,,
e8e8b85d-efad-4541-bae1-86271443845a,100,beginner_L2_merchant,-0.05,7,good,well,works,,,
b610bbd2-3505-4d2c-bd5f-68187ad66e27,100,beginner_L2_merchant,-0.01,35,good,fast,nice,price,wrong,limited
b99144ff-1085-401a-829d-c280ecba345e,100,beginner_L1_merchant,-0.07,17,good,fast,well,bad,confusion,pain
8d4a5ac5-e8df-4d96-aee1-39dfdf7f6e91,100,beginner_L3_merchant,-0.08,16,good,fast,great,louder,price,regret
604fc830-a27f-4df2-8bdc-20454c92de31,100,beginner_L1_merchant,0,7,good,worth,pretty,,,
ebe48f12-6730-4798-bfc8-9e19b756276d,100,beginner_L1_merchant,-0.17,41,good,fast,thank,hard,price,fussy
1e677faa-f6e5-4475-b954-6d4f50411c1c,100,beginner_L2_merchant,-0.08,18,good,fast,well,dissappointed,faulty,loud
b5271e82-df08-496b-a32b-f9bacd211b9a,96,beginner_L1_merchant,0,63,good,thank,fast,price,broken,slow
bc23477a-9f24-426e-b854-d9b5aff406b0,100,beginner_L1_merchant,0.06,3,good,fast,easy,,,
ffd204e4-8711-489a-9ca6-0796527b776f,98,beginner_L3_merchant,-0.01,141,good,fast,well,price,bad,hard
c85e68dc-cd67-4947-a0ef-ed3e725d144d,98,beginner_L4_merchant,0,214,good,fast,well,price,bad,poor
948acdc8-7b31-4573-991f-9a8e911e1d64,100,beginner_L2_merchant,0,75,good,fast,well,delayed,price,issue
5e78b323-9728-410c-981e-227c3e3facc9,100,beginner_L3_merchant,0.03,52,good,fast,nice,noisy,spoiled,bad
e47a107a-39d2-46fd-bea9-10281e32d0d3,100,beginner_L1_merchant,-0.08,9,good,nice,recommended,wrong,rough,price
65639934-5108-4e46-813b-02dcf1ff72ca,100,beginner_L4_merchant,0.03,18,good,nice,well,problem,weak,unwanted
26aa99bc-9815-4215-b070-b9e149e2eb88,100,beginner_L1_merchant,0,0,nice,,,,,
ed40d9af-e2c3-41a5-9efc-97168d74a651,100,beginner_L2_merchant,0.06,16,good,nice,well,bad,price,crumpled
b6eaa9d2-7a09-48d9-b094-e5a646592043,100,beginner_L2_merchant,0,5,nice,pretty,cute,poor,bad,price
1ad623fe-0ab8-44f1-a4b3-0a07555dae92,100,beginner_L2_merchant,0,2,good,excellent,solid,dirty,dirt,waste
287223a2-3dfd-424c-91f9-c83fe078339d,100,beginner_L1_merchant,-0.5,4,nice,great,fast,,,
f20c235c-5387-4038-b844-de497eef065e,100,beginner_L2_merchant,0.04,26,good,fast,nice,price,steal,damaged
06784e1a-c950-4ffe-b94c-39ef24144617,100,beginner_L1_merchant,-0.01,59,good,fast,well,bad,price,terrible
fac595a7-2fb1-403e-9908-88aff5dea0a4,100,beginner_L1_merchant,0.09,13,good,compact,fast,,,
3730ef72-101e-4dc6-86e7-b6ce67c4d49a,100,beginner_L3_merchant,0,8,good,fancy,well,,,
88209d61-8c49-42e7-9228-5248629421e0,100,beginner_L1_merchant,0,2,easy,good,sensitive,,,
57801e2d-cb58-4fb9-b53f-59a20f249ddb,100,beginner_L1_merchant,0.33,2,good,silent,super,,,
b3ae2138-0098-4dc7-a5b7-0258b14f7d20,100,beginner_L1_merchant,0.03,11,good,fast,worth,bad,bent,price
fb87cc4a-ea3c-4855-a127-1c2c3092785d,100,beginner_L1_merchant,0,1,good,great,well,,,
ce520951-35f9-4e51-a4cb-fd659ce4416f,100,beginner_L4_merchant,0,99,good,fast,well,problem,price,faulty
7bebc59c-dda0-4f16-8806-b53dc9600134,100,beginner_L4_merchant,-0.03,70,good,fast,well,disappointing,struggle,price
b517732a-2848-4839-8332-003d39fc099a,100,intermediate_merchant,0.1,5,great,nice,good,,,
9ef25766-1529-42b4-b677-c83525944df3,100,beginner_L2_merchant,0,0,,,,,,
779e4424-8a60-48fe-8e1a-d7d7e80a2000,100,beginner_L2_merchant,0,0,,,,,,
e0dc3773-4c49-470f-ada4-e21fed3c5f54,100,beginner_L1_merchant,0,0,super,easy,portable,,,
f73d52d8-3a92-4a3c-a89a-7dac36b98795,98,beginner_L2_merchant,0.03,80,good,fast,easy,dead,shaky,price
2ce67b58-50e3-421f-a6db-905ba5a6fedb,100,beginner_L2_merchant,0.03,37,good,fast,works,badly,damaged,annoying
d87caee6-c16f-41f0-bcc5-81145fe57247,100,beginner_L1_merchant,0,0,,,,,,
a4ba1bd7-8afe-4f4a-8840-711ef85ed899,100,beginner_L1_merchant,0,6,good,fast,enough,rough,,
0e219dfb-acb5-48f3-ad59-eeb388dab83b,99,intermediate_merchant,0.02,85,good,fast,well,price,issues,bleeding
3a19a53f-5819-4721-af84-ffa7a216d66f,98,intermediate_merchant,0.03,237,good,well,fast,price,bad,poor
92c0638f-3e0e-4612-aa0a-d95de0980ea9,98,intermediate_merchant,0.04,44,good,fast,well,bad,problem,knock
47240be8-55ad-466c-9a7a-1906e4fdf7e6,100,intermediate_merchant,0.08,55,good,fast,easy,price,bad,dead
40d868b3-0de4-4bca-ac5d-40af5072e00e,100,beginner_L2_merchant,0.04,13,good,fast,easy,faulty,struggle,delusional
64b778eb-1641-47b9-8198-cf602daaf428,99,beginner_L3_merchant,-0.02,142,good,fast,well,price,bad,issues
409880e9-a80d-4ec7-8df1-1d1f2e9c0a65,100,beginner_L1_merchant,0.03,76,good,fast,well,price,issue,dirty
3780bf58-c01d-481d-b546-d8b656ee3a4b,100,beginner_L2_merchant,0,2,good,fast,works,,,
2eb36b6f-bbaa-4cd0-a92a-07843a49b893,100,beginner_L2_merchant,0,0,good,rapid,,defects,,
8319862f-6443-407d-ab38-37c8aec84a41,100,beginner_L4_merchant,0,0,good,fast,happy,,,
3566e00a-8a24-4f1f-8f4a-341bf963e330,100,beginner_L4_merchant,-0.04,41,good,fast,easy,bad,disappointed,price
8f6fa60c-a77d-4249-bd77-c24cf0fd9b3f,100,intermediate_merchant,-0.04,248,good,fast,well,poor,slow,bad
fbbef522-fbda-441b-b6d7-b5199a1ffca8,98,intermediate_merchant,0.02,59,good,fast,well,issues,bad,disappointed
932b439d-a0b3-42d4-b3da-943c57d66bf6,100,beginner_L1_merchant,0,33,good,fast,great,price,,
9c5601cc-ea74-4087-9693-84e04e40414d,100,beginner_L2_merchant,-0.04,36,good,fast,well,bad,faulty,sad
8dd898b9-1ee3-4666-a027-ffd6d5e83278,100,beginner_L1_merchant,-0.13,5,good,well,great,,,
c107d1fd-1c83-4b6b-9a79-82b79406ee80,100,beginner_L3_merchant,0,28,good,fast,well,price,mar,bad
6262809e-119a-4fbf-b1e8-bd8dab929c0b,99,beginner_L1_merchant,-0.06,95,good,fast,well,price,poor,dead
995ee9fa-8355-452c-b577-2559a1304307,98,beginner_L2_merchant,-0.04,32,good,fast,easy,dead,price,overlook
7f6f3512-e46c-4efa-b55d-65581f2a0863,100,beginner_L2_merchant,0.12,13,good,fast,great,,,
5c5797ea-78dd-4a93-ad27-c61a4e3b8b4a,97,beginner_L3_merchant,-0.01,252,good,fast,well,bad,price,hard
1f24729e-ecf2-4383-b5ee-f758c51de647,100,beginner_L1_merchant,0.09,11,good,well,fast,bad,limited,
72cce1ab-4af9-4c87-86c1-2ebf84f45484,100,beginner_L1_merchant,0,0,good,,,,,
0d85c3d5-ba1d-47ce-bca6-74e3c66f39e7,100,beginner_L1_merchant,0,0,,,,,,
32edec1c-0d60-4b00-a8fb-0da1cfefb7e3,100,beginner_L1_merchant,0,0,,,,,,
8e98eaf7-43a0-4113-82d9-9049e0619121,99,intermediate_merchant,0.02,85,good,fast,well,bother,terrible,price
ba05095f-7f03-4cd3-b9b9-d03353399bae,99,beginner_L2_merchant,0.03,91,good,well,fast,bad,price,complain
b0360b63-8d76-49d5-b95f-5b801a5f2c49,100,beginner_L1_merchant,0,0,,,,,,
2c7e7567-cc6b-442c-8c9a-d54f46a117f8,100,beginner_L1_merchant,0,3,great,fast,works,wrongly,bad,dishonest
1006eb82-b444-4902-900d-e868edd1ae27,100,beginner_L4_merchant,0.33,10,good,pretty,cheaper,damage,,
7965af15-aa77-48df-bad1-8327a287d694,100,beginner_L2_merchant,-0.02,18,good,fast,well,irresponsible,damaged,
5a8076df-ea62-44c8-83a2-0a28a66641c9,100,beginner_L1_merchant,0,84,good,well,fast,price,complains,
7677d353-cf15-4bd1-ae6f-b3e277bb9e7e,100,intermediate_merchant,0,20,good,great,fast,tension,struggle,unsure
ed6cd771-dbd4-4e91-b47a-76c4599aeaaa,100,beginner_L2_merchant,-0.01,24,good,fast,well,delayed,price,lousy
0ce6504a-44a5-4bf2-a60d-5ebf42dd277f,98,beginner_L2_merchant,0.02,224,good,fast,well,issues,price,dead
1ad8d2f8-ef88-42ee-a46a-09d4fe08695f,100,beginner_L1_merchant,0.02,87,good,fast,easy,issues,price,dumped
3ec6d0d5-b0b2-430d-b27a-c117ae364bc1,100,beginner_L1_merchant,-0.01,34,good,well,fast,scratches,damaged,defects
14863253-4bd2-44e0-b59f-0faa464e8134,98,beginner_L2_merchant,0.03,174,good,fast,easy,price,issue,problem
f618c8d1-7ec3-4278-8dda-d6e1fba88ad2,100,intermediate_merchant,-0.03,29,good,fast,well,problem,delayed,price
9275fefb-d04a-4de8-a56d-a387a088fd2c,98,intermediate_merchant,0,59,good,fast,well,bad,dead,blah
6bf9bf27-9665-4297-9c95-be162961b67f,100,beginner_L2_merchant,0,28,good,well,easy,broken,cracked,fear
66bbb1d0-c133-44cc-8802-c70649f4b8b3,100,beginner_L1_merchant,-0.02,42,good,well,fast,wrong,disappointing,price
369dc1ca-5a8f-4acd-bfb2-9ec266927202,100,beginner_L1_merchant,0,1,,,,,,
981eb1f5-7db8-47da-8474-43e07bdbd45a,100,intermediate_merchant,0.11,19,good,fast,well,trouble,hang,wrong
1566203f-9865-4754-a479-3010df73df07,96,beginner_L4_merchant,0.02,243,good,fast,well,price,issues,damage
88c05bb0-33a0-418e-86b4-6451a7a92edb,100,beginner_L1_merchant,0,19,good,fast,well,,,
5ca53a6d-771b-4ea4-bc75-e2a771fffac6,100,beginner_L1_merchant,0.25,2,good,fast,awesomely,price,issue,hell
291f62ae-d575-46ce-b26c-d3e50258594b,100,beginner_L4_merchant,0,4,fast,easy,good,wrong,price,
df4108d0-0131-4e0f-9115-2bd6282db2a7,100,beginner_L2_merchant,-0.2,5,good,fast,worth,,,
9871aa4a-d0bf-4df7-a535-8d27fd335fd2,97,intermediate_merchant,0.04,87,good,fast,well,bad,cracked,price
db678256-5ba1-4309-8314-9b717eda3db4,100,beginner_L2_merchant,0.06,9,good,well,fast,,,
aa0b8ce3-1183-4630-884a-bd77603d404b,100,intermediate_merchant,0,1,good,great,decent,,,
d595d08d-53dd-4ee5-bad7-1ffc021e9390,100,beginner_L2_merchant,-0.03,20,good,easy,fast,stuck,bad,attack
0fa26f06-867a-4c14-bc84-f524af821952,100,beginner_L2_merchant,0,1,,,,,,
f5bc18c0-fefb-4454-b7a9-8508dacf4533,100,beginner_L2_merchant,0,0,good,like,,,,
22c4ed43-f9ec-4a15-ae08-91affc22a2a9,100,beginner_L1_merchant,0,0,strong,good,,,,
0e5f99a7-80f4-4e1b-91ea-da611fa37732,100,beginner_L1_merchant,-0.1,31,good,easy,fast,hard,price,unable
b42addfe-9948-4f42-83e4-7d2e572c9ecc,100,beginner_L4_merchant,0,0,good,stable,satisfactory,,,
4673bb14-d5a4-466e-93f1-a781055f4723,99,beginner_L4_merchant,0.03,97,good,fast,sturdy,fault,bad,confusing
149ae316-55da-4a90-b21e-97d92457093a,100,intermediate_merchant,0,1,great,fast,well,,,
13b810fc-592b-46e0-9509-f84218be2aab,100,beginner_L1_merchant,0,84,good,well,fast,price,complains,
24af2705-26c1-4778-8db6-0baba60df196,100,beginner_L1_merchant,0,1,good,fast,fine,,,
74e22dd9-9657-4242-ace7-ad9b5bc2843b,100,beginner_L2_merchant,0,2,happy,fast,good,problems,damn,price
a259518b-bbbb-4e42-94ce-a0c5e5c892f5,100,beginner_L1_merchant,0.01,25,good,fast,well,price,dead,sad
7274aafd-4c7a-4fc1-9032-367e1c6c604c,100,intermediate_merchant,0.13,19,good,fast,well,difficult,price,doubts
1124cd23-09b1-4583-ade5-1f2ddb5938a3,100,intermediate_merchant,0.01,38,good,fast,easy,price,issue,disappointed
75ffa584-ab1c-4a32-8af1-c2f9de0e13cb,100,beginner_L1_merchant,0.5,1,good,work,excellent,,,
d3f9b0e8-caf1-45ca-aabc-42763b5e45b6,100,intermediate_merchant,0,5,good,fast,works,unhappy,unacceptable,stolen
73d272db-90f9-42df-af88-cb663c4e6e8e,100,beginner_L2_merchant,0,1,good,fast,,,,
26cb446b-6f63-45c1-97cb-264a2da6710a,100,beginner_L1_merchant,0,0,,,,afraid,wrong,
ff5107ac-cf8f-4785-ba92-74e2788e5640,100,beginner_L1_merchant,0,4,well,good,easy,,,
55cc18d5-d658-4cf3-a79d-9a5e79683a96,100,intermediate_merchant,0.06,11,good,fast,easy,bad,rejected,hard
0c68f7db-d6ca-4699-97c6-3ebdf145ae51,100,beginner_L3_merchant,0,0,superb,authentic,beautiful,,,
34de71fc-1bc4-4475-a79c-e09572e50c35,100,beginner_L2_merchant,0,1,nicely,nice,great,,,
0467bbc3-e236-41fc-8025-d3373436c974,100,beginner_L1_merchant,0,4,well,good,easy,,,
48adfb63-b344-4d03-b3fb-934bcbbb285e,100,beginner_L2_merchant,0.06,8,good,fast,easy,disappointed,,
8380fad1-9582-4f03-bae0-3feda11bc03f,100,beginner_L1_merchant,0,2,good,fast,well,disappointing,wrong,
cfd9ddf2-bcd5-4e33-8752-ff45b482d42f,100,intermediate_merchant,0,0,,,,,,
603102e3-7526-494a-a217-926f6ac8cda7,100,beginner_L1_merchant,0,18,good,fast,well,price,glare,flickering
d2b47413-98d5-44fb-b999-d07b7f53950d,100,beginner_L1_merchant,-0.02,42,good,well,fast,wrong,disappointing,price
0389bc1a-310b-4567-b2be-743840c4c4e3,100,beginner_L1_merchant,1,1,friendly,well,work,damaged,defect,
3633b50b-6b1f-4c9c-8308-5fee940346ee,100,beginner_L1_merchant,0,1,good,clear,thank,,,
64160715-3bba-41ee-925d-0c33debdb111,100,beginner_L1_merchant,0,6,good,fast,well,,,
7b5d9ae1-e5ff-4ad8-abee-42ba6738d50b,100,intermediate_merchant,0.05,67,good,fast,well,price,issue,disappointed
174daaaf-2ced-48d9-9218-e4fde1d1fe37,100,beginner_L1_merchant,-0.03,10,good,fast,well,disappointed,poor,badly
c16be84c-a882-4abc-8b65-da0899a7a404,98,beginner_L1_merchant,-0.02,97,good,fast,well,price,bad,wrong
6cf0a6fc-7144-45b3-8a11-f1043f8cba92,100,beginner_L1_merchant,0,33,good,fast,great,price,,
7884c45c-b148-4ca3-8007-6ff28695edb8,100,beginner_L1_merchant,0,0,,,,,,
26613b35-36ed-4d16-837b-8ac8bc1e38c8,100,beginner_L1_merchant,0,0,,,,,,
d2fd59a7-7ec9-4c71-b0eb-96abdff17684,100,beginner_L1_merchant,-0.02,42,good,well,fast,wrong,disappointing,price
49f573d1-9942-4c47-9329-15403d0b7f30,100,beginner_L1_merchant,0.02,87,good,fast,easy,issues,price,dumped
a47f32ef-d2df-435f-b6b9-d66cc46c6aa8,100,intermediate_merchant,0,2,good,fast,responsive,poor,disappointing,
99986e89-b8c9-4be8-9884-352602cb9487,100,beginner_L3_merchant,0,0,good,work,support,,,
f503b024-675f-4b53-bb92-0f0d4d12b74f,100,beginner_L1_merchant,-0.12,4,good,well,thank,,,
af91710b-f954-4ed7-8cc4-d9f39fdf42e5,100,beginner_L1_merchant,0,0,,,,,,
9be02f76-a4ed-4fd8-98b9-1469d64c4e4f,100,beginner_L1_merchant,0,9,good,fast,well,price,wrong,disappointed
9c845212-5959-4065-881b-f3ed6b5a01d5,100,beginner_L1_merchant,0,1,,,,,,
9f527f9f-3c5a-4693-9ce4-5b1f8192f7b8,100,intermediate_merchant,-0.01,106,good,fast,well,price,badly,dead
9bc63b8f-baf9-496b-9ad8-623e23a42f10,100,intermediate_merchant,-0.01,106,good,fast,well,price,badly,dead
2c1b403c-0e6a-4759-b91a-d5a056eb5466,100,beginner_L1_merchant,0,0,good,fast,,,,
bfbc1e0d-9399-4005-84c6-a6ec2295a682,100,beginner_L1_merchant,0,0,good,fast,nicely,scratches,problem,issue
53e66cef-4fec-4d62-b728-28c1ef70b121,100,beginner_L1_merchant,0,0,good,fast,,mar,,
0f896272-509c-4da0-aa62-3e71bb9f08f4,100,beginner_L1_merchant,0,1,good,clear,easy,misleading,,
110c8f6f-ef02-4016-bc16-91ce2d2db9bc,100,intermediate_merchant,0,0,adjustable,recommended,worth,,,
704c5cd6-c5d1-4ded-ba2f-4513a74644ea,100,beginner_L3_merchant,0,5,good,fast,well,disappointed,,
a9e39984-06cc-4613-bf9a-cc8aa3d5f86c,100,beginner_L1_merchant,0,0,,,,,,
dadae9d9-9f71-48ea-abf8-93af3e011620,100,beginner_L1_merchant,0,0,,,,,,
0bca796a-7517-4283-b8a5-f28f7b890708,100,beginner_L1_merchant,0,0,,,,,,
d14f29c2-792d-402a-afe2-8d715c85e3ac,100,beginner_L1_merchant,0,5,fast,good,great,,,
6319fa4c-ee7e-4977-9a48-d6838b46cab4,100,beginner_L3_merchant,0,4,good,fast,well,price,slow,ugly
d3d350e3-3f93-4637-98bf-a3ac4d017757,100,intermediate_merchant,0.04,14,good,fast,great,issues,worried,price
37c67aea-3b1d-4b31-b388-87bbb5e93da8,100,beginner_L1_merchant,0,1,good,perfect,works,,,
2e17a5b6-827b-41b8-905e-e6675ac214d5,100,beginner_L4_merchant,0.01,39,good,easy,sturdy,troublesome,,
2c568e35-9a47-44bf-8ef5-72058aac44bb,100,beginner_L1_merchant,0,1,good,nice,fast,,,
dcc61fa3-525c-4134-8fcc-ac81c2cd1d5c,99,beginner_L1_merchant,0.02,98,good,fast,easy,price,unfortunately,idiot
c496a210-a8d7-4d27-832c-eaa198616f11,100,beginner_L1_merchant,0.2,3,well,fast,thoughtful,weak,strain,
61355a70-24b0-453a-822d-900fd6fc4ee5,100,beginner_L1_merchant,0,0,good,fast,,issue,,
0e4697c3-3cf4-45ce-9801-2fec023fc4a5,100,beginner_L1_merchant,0,0,,,,,,
05b71a76-8a08-43de-8255-1273df40b598,100,beginner_L2_merchant,0,1,good,fast,well,,,
6d3ae1bb-6040-4e6a-a299-2021ee373469,100,beginner_L4_merchant,0.01,39,good,easy,sturdy,troublesome,,
62e7c2a9-bfbe-4e16-9aa4-0fc7747d0ad0,100,beginner_L3_merchant,0.02,42,good,fast,well,price,unable,disappointed
f508e61e-f26e-4220-9271-b7df8ed078ff,100,intermediate_merchant,0,98,good,fast,sleek,wrong,unstable,disappointed
9baaead6-5fcd-47ce-b6e1-b72714e8e6d8,100,intermediate_merchant,0,98,good,fast,sleek,wrong,unstable,disappointed
5b8d72e2-d985-4a2b-9dd6-626b1ebd09a2,100,beginner_L4_merchant,0,0,,,,,,
ea4cb6f6-8710-4858-add1-d4bb6f7409dd,100,beginner_L1_merchant,0.09,19,good,well,fast,broke,refuses,sticky
751faca6-d336-40e5-8efc-05cf2f7bf7eb,97,top_merchant,0,1603,good,fast,nice,smell,price,wrong
0848612a-fa7d-4794-b8c7-452856c05f6a,99,beginner_L2_merchant,-0.02,218,good,fast,well,shake,unable,laggy
0233d7c9-8596-4e9e-9a7e-0dd09025a0dd,100,beginner_L2_merchant,0.5,2,works,well,cute,bad,,
24aa663b-b441-4b06-876c-126c218f04f3,97,beginner_L2_merchant,0,1962,good,fast,well,price,disappointed,bad
649a8a3c-1f37-49a3-a109-12aa782dbf53,98,beginner_L4_merchant,0,1464,good,well,works,price,bad,hard
013ebc59-8967-493f-a620-c840559f366a,98,beginner_L4_merchant,0.02,256,good,fast,free,price,bad,damaged
1a752a13-8807-45d4-892c-0411d82defb0,100,beginner_L2_merchant,0,0,awesome,good,,,,
30706462-c3bc-4cd9-8daf-6b9c5d6ff04c,100,beginner_L4_merchant,0,258,good,well,works,lost,price,terrible
d3593ada-a57e-419e-afc9-d43d31a0d988,100,beginner_L1_merchant,0.12,2,good,fast,works,price,poor,shake
a3a2708f-cbf4-4cce-8d17-d06d0a8d249e,99,beginner_L4_merchant,-0.12,97,good,fast,well,price,loud,poor
cd05c96c-212e-46cb-8d38-2aade07b2f8a,100,beginner_L1_merchant,0,18,well,good,fast,unfortunately,rejected,rejection
d7b142b4-bad4-407f-8773-f2d26193d2a8,100,beginner_L2_merchant,-0.09,76,good,fast,well,problem,lousy,price
493e89fa-6ed6-4438-86eb-fd1d9eb7ebb3,100,beginner_L4_merchant,0.08,78,good,fast,well,price,issue,unfortunately
dd1924e2-ebda-4482-ad55-4e9e8f7c416f,100,beginner_L1_merchant,-0.01,38,good,well,nice,price,disappointed,lag
0fa2b233-b73d-411b-92b7-f1e650fb7ed2,100,beginner_L1_merchant,0.01,29,cute,good,fast,sucks,price,refused
7be1b0ba-156a-4e35-a3cb-258a899cf2f6,98,beginner_L4_merchant,0,1078,good,well,fast,price,hard,poor
ca9ca9d8-8590-4b06-9625-a20aad02f436,100,beginner_L4_merchant,-0.06,94,good,well,fast,wrong,disappointed,difficult
7f04412a-34a1-4111-81e9-7d11fbe8f647,100,beginner_L1_merchant,0,4,good,fast,works,price,bad,
d6807bd7-3ba7-40b2-9a8c-e7e77f31da03,97,top_merchant,0.04,353,good,fast,well,price,complain,bad
188cb6f8-9a76-4c58-aab3-1dbc11cb2b2e,98,beginner_L1_merchant,0,15,cute,good,fast,bad,difficult,broken
12df7cd6-754f-44c2-962e-087ca1c1ead6,100,beginner_L1_merchant,0,21,good,well,silent,price,dented,crushed
43aaf8c4-ee3d-4c58-86b2-5ba71dc6afe2,100,beginner_L1_merchant,2,1,good,,,,,
f4139ca4-59f4-4ab4-a479-3851ecc2a115,100,beginner_L1_merchant,0,0,,,,,,
367d6bf9-582a-487c-a1db-02e99696807c,100,intermediate_merchant,0,0,good,great,silent,,,
9813fb5f-9fc3-4485-a465-23860094efb6,98,intermediate_merchant,0.03,113,good,fast,well,price,crazy,dented
1669a9fb-5a5a-47b8-b172-84f99d566977,100,beginner_L4_merchant,-0.05,22,good,fast,excellent,complain,bad,failed
1ca910c3-8f2e-402a-9e37-9b54a7e065d6,100,beginner_L4_merchant,-0.01,109,good,well,works,price,bad,complain
b443ef40-3c83-410b-b0ba-234a6a48c2d9,100,beginner_L1_merchant,0,0,satisfied,,,,,
d8866c1f-6c0c-46c5-a8d4-ecafa32110f6,100,beginner_L1_merchant,0,1,,,,,,
7def9a03-67df-47b8-b368-f12a1de4ec21,97,beginner_L2_merchant,0.02,94,good,fast,well,price,lag,break
1cea7445-e795-41ad-b9fd-77ffc76a348a,100,beginner_L1_merchant,0,2,good,thank,fast,,,
872c7163-4f1c-468f-8d2e-307ee7fafcb7,99,beginner_L1_merchant,0,135,good,well,fast,poor,price,dented
0490e778-df06-4ec4-8866-2c719176610e,100,beginner_L1_merchant,0,2,good,well,fast,,,
b5d4599f-1d4b-4955-b491-92d2a0497f80,100,beginner_L1_merchant,-0.01,22,good,works,well,price,darker,
fe0e0859-15fd-4a47-a04d-9c9bd47f44d1,100,beginner_L2_merchant,0.17,6,good,fast,nice,price,dented,trap
b22f2f58-738e-47e8-b9b6-996ca7746cdf,100,intermediate_merchant,0.11,7,good,fast,nice,issue,loose,
82b4610e-cc8e-4885-a381-2df25319231d,100,beginner_L1_merchant,0.17,2,fast,recommended,thank,,,
8b2c5a86-8e73-4264-a6e0-8d32475b8bea,100,beginner_L2_merchant,0.04,64,good,fast,well,weird,smell,noisy
0f69d6af-54d9-416d-a034-7037bc0132b1,99,beginner_L3_merchant,0.01,789,good,fast,well,damaged,price,dented
bda971bf-a490-487f-aeb8-117a5ee3e6e5,100,beginner_L1_merchant,0,4,good,cute,love,freaking,downside,fault
246ecfad-1ec6-4f21-a517-2bfc1db345aa,100,beginner_L1_merchant,0.04,18,good,fast,well,bad,lie,sad
c0dd1c88-f185-4d23-bad4-b75e4b3c9945,100,top_merchant,0,95,good,fast,well,pricey,dirty,difficult
d0399d20-5757-4709-89f0-1629db44830d,100,beginner_L2_merchant,-0.07,45,good,fast,nice,faulty,wrong,worry
411ecd21-5bc7-4591-9d92-921d8395af7e,100,top_merchant,0.03,51,good,fast,well,dented,damage,slow
49e0d070-84df-4c6a-97c4-1de45e07014d,100,beginner_L1_merchant,0.01,39,good,nice,fast,unable,issue,
73af4470-1f48-4c73-9cb5-7e1febe196c3,100,intermediate_merchant,-0.01,56,good,fast,well,hassle,unsure,disappointed
e3aef068-6c55-42a1-84b5-4fba72ed4979,100,beginner_L1_merchant,0,6,good,thank,fast,died,,
367edb0b-f65c-4beb-8b91-fe031a1aeaee,100,beginner_L4_merchant,0.2,9,good,fast,silent,price,loose,problem
d7fa5086-8d13-4b34-872a-093bab38a902,98,beginner_L1_merchant,-0.02,70,good,fast,free,bad,complication,damaged
10826f39-d09e-45ca-94e5-675ff125cf7d,96,intermediate_merchant,0,1464,good,fast,well,price,issues,bad
64782d06-b091-4725-ad10-55c700271028,100,beginner_L1_merchant,0,1,works,well,good,,,
fcf81bd5-e079-4a12-b3dd-05e54e102fbb,100,beginner_L4_merchant,-0.14,7,good,worth,well,price,disappointed,cheated
46760866-665b-4f1f-b5df-481727b0d0b7,100,beginner_L2_merchant,-0.38,10,well,good,fast,fake,errors,problem
b46d1872-d9f4-43a4-b2cd-1a1aaacf8a74,97,beginner_L4_merchant,-0.02,1358,good,fast,well,price,hard,broken
1e40fffb-90cd-46d8-94ef-054f3a2101b0,100,beginner_L1_merchant,0,0,,,,,,
b68caa47-feec-4bc3-9121-91e833b91cc5,100,intermediate_merchant,0.56,3,nicely,good,works,complains,,
b34a5d75-d0ca-4555-9411-283aee31585f,100,beginner_L2_merchant,0,0,,,,,,
6331b19a-7299-42c0-b6d1-95291c0cf9a0,100,beginner_L1_merchant,0,1,,,,,,
90e9e32f-b7a2-4545-a387-34a97f165d5f,100,beginner_L1_merchant,0.05,33,good,fast,silent,price,issue,reject
c69ea365-70d0-40d7-b86a-1d605e223d80,100,beginner_L4_merchant,0,101,good,fast,nice,price,bad,rough
d44f1a41-695c-4ecb-8e66-0c5632cc539a,100,intermediate_merchant,0,0,,,,,,
796af144-49b0-4884-834d-07fb41f4b62c,100,beginner_L1_merchant,0,0,,,,,,
2fff81ac-a496-4a56-92e9-60d2e90fb8e0,97,top_merchant,0,1607,good,fast,nice,smell,price,wrong
6331eac0-ded2-4e25-869c-ebabd8e928c8,99,intermediate_merchant,0,114,good,fast,well,pain,hard,price
6542ae5d-0af8-4ec9-beab-b105517891c0,100,beginner_L2_merchant,0.06,11,fast,good,well,disappointed,,
044f9a52-a9fc-45d2-9940-376ff177a05d,95,beginner_L4_merchant,0.02,168,good,fast,well,slow,price,issues
55bf9ad6-6756-4016-80b4-8a3978c7e8ad,100,beginner_L1_merchant,-0.17,3,good,works,silent,bad,faulty,flimsy
85c4eee2-1f69-4f68-9257-647094cfd0bd,100,beginner_L1_merchant,-0.03,9,good,smooth,fast,defective,,
11db0ae3-23e3-4036-a6f7-54b1dbcfb4c6,100,beginner_L1_merchant,0,1,,,,waste,problem,
1c44159f-a0ff-4b91-9d6a-5c095b784e2a,100,beginner_L2_merchant,-0.09,30,good,fast,free,mistaken,issue,crushed
a62dfda0-2760-4f3f-97cc-1405f5bba9ef,100,beginner_L1_merchant,0,0,,,,fake,error,price
d44a0c00-adab-4a11-b823-21f7adcd28ea,100,beginner_L4_merchant,-0.03,24,good,fast,well,dirty,dirt,poor
4fbf2b0d-cdca-4a76-aaf3-ccd8960c9063,100,beginner_L2_merchant,0.03,38,good,cute,fast,broke,,
93301c06-0fb1-41f8-85dd-ca9719a0ebaf,100,beginner_L4_merchant,0,2,good,well,like,,,
d9b1f4fe-9ad9-4837-9a52-a86821bded5f,100,beginner_L2_merchant,-0.06,52,good,fast,well,price,loud,issue
241b1e64-633c-42c0-b58a-19b7336fbd59,100,beginner_L2_merchant,0,11,good,well,works,,,
41cf7d69-1411-43f5-90df-79e7fd22a829,100,beginner_L1_merchant,0.04,31,good,cute,fast,problem,bad,laggy
1e843a1d-0430-467b-852b-22385add8716,100,beginner_L1_merchant,-0.02,39,good,fast,smooth,price,difficult,dented
643efa24-2f7d-480e-829c-834cf1cac656,100,beginner_L2_merchant,0.02,35,good,fast,well,terrible,fuss,refuse
20c6eca6-062e-4e37-b51c-9009f41cd3f3,96,intermediate_merchant,0,1464,good,fast,well,price,issues,bad
8ed64938-0b9f-4d8e-a0a7-07453763d4bc,100,beginner_L1_merchant,0,0,fast,smooth,easy,,,
4f79a104-3193-4bd6-b58d-7f33e5f7c27d,100,intermediate_merchant,0,204,good,fast,well,pain,knock,discomfort
8f8034bf-086d-4189-a869-50fc6eaa2d82,98,intermediate_merchant,0.01,517,good,fast,well,bad,poor,price
90f34b1b-45da-4dce-b4ce-c84cbf7e2cc4,100,beginner_L4_merchant,0,258,good,well,works,lost,price,terrible
57081fd8-0e53-418b-9b21-a21080076c0b,100,intermediate_merchant,0,204,good,fast,well,pain,knock,discomfort
0ac70a21-13f7-4a25-8d0f-07903b735e41,98,intermediate_merchant,0.01,517,good,fast,well,bad,poor,price
53c280a8-6a63-4214-a107-e62247410d0e,100,beginner_L1_merchant,0,1,good,fast,quiet,,,
870f6b39-ea27-4395-a3c7-5feb6760bfcf,100,beginner_L2_merchant,0.5,2,,,,,,
70486f2b-5774-48aa-828e-fa1d0ae0165f,100,beginner_L1_merchant,0.25,3,good,silent,well,,,
9d58e1f7-83d8-4b66-a227-99f554997170,100,beginner_L2_merchant,0.08,20,good,fast,silent,died,stolen,price
991d4b63-c080-4dd1-ba51-ab0456cfcaa2,100,top_merchant,-0.24,9,good,well,silent,lousy,refuse,lag
6740a4e1-6531-4e24-986e-229fea3c88af,100,beginner_L4_merchant,0,25,good,fast,nice,price,loud,fragile
0e0d07a9-2092-4f5f-b156-b7d4354181e7,100,beginner_L4_merchant,-0.02,47,good,fast,well,poor,dents,
f62102a9-faea-4779-a9fc-b8a5d54f049c,98,intermediate_merchant,0.01,347,good,fast,love,noise,expensive,issues
9ffc2cdf-4c03-4d65-9bf4-5cdda6566354,100,beginner_L4_merchant,-0.02,47,good,fast,well,poor,dents,
7a06bc86-935e-432a-b059-4132a2c63c7b,98,intermediate_merchant,0.01,347,good,fast,love,noise,expensive,issues
4aa073a0-4550-4f6a-b0dd-fea41f322c26,99,intermediate_merchant,-0.05,112,good,fast,well,price,dented,bad
ae8896e1-7d24-49f5-94ae-73fa0f1f3ab7,96,beginner_L4_merchant,0.03,352,good,fast,silent,price,slow,issues
216daa71-c0df-4b6f-bff3-61b814f04fa5,98,beginner_L4_merchant,0,1464,good,well,works,price,bad,hard
965a4b92-1620-4ecf-83cf-97c33c97f768,100,beginner_L1_merchant,0,1,,,,issue,hard,fake
349f248b-4121-48b4-ad86-175bbabdae51,100,beginner_L1_merchant,0.01,39,good,nice,fast,unable,issue,
0e47b47d-2ca6-4af8-beea-b583b6421c35,100,beginner_L1_merchant,0,3,good,fast,,,,
55c894a1-63e1-42d4-aafa-892b1661b1e2,100,intermediate_merchant,0,144,good,fast,silent,damn,die,loose
17c9b89b-2784-40e0-b94e-869cba8ccc05,100,beginner_L4_merchant,0,10,good,well,silent,flimsy,hard,ugly
9a4335a9-9a08-4782-8f55-dbac338da693,100,beginner_L1_merchant,0,1,,,,,,
ef48520c-7176-4f49-80bb-37bd98d90b0e,100,beginner_L1_merchant,0,2,cute,works,well,pale,fake,price
8254f603-b9be-4553-9aa3-9a7a89063cf2,100,beginner_L2_merchant,0,4,good,fast,like,uncomfortable,bad,misread
038e5bb4-5129-4258-a2b7-ad06329a6742,98,beginner_L4_merchant,0,1078,good,well,fast,price,hard,poor
fad1eb5a-c874-4b18-bfb4-71511dc420ec,99,beginner_L4_merchant,-0.01,136,good,well,fast,issues,price,scratches
7fdff1b9-e0fc-4f46-abbd-57148e79abc0,100,beginner_L2_merchant,-0.12,22,good,well,works,price,lack,jerky
24b0c1c9-051f-4468-b379-d93d7d6777ee,100,beginner_L2_merchant,-0.06,52,good,fast,well,price,loud,issue
5e1ba3d8-3fdf-4800-add4-e34d2a90618b,100,beginner_L1_merchant,-0.01,38,good,well,nice,price,disappointed,lag
875b63a2-4ea0-4339-8cf5-29cf7f91ddb0,100,beginner_L1_merchant,0,3,good,fast,,,,
435bef95-509b-4374-91c6-26ebbef18b0d,98,top_merchant,-0.02,124,good,fast,nice,price,bad,dark
676348e5-4e93-4be4-bc67-1e856c7520a9,100,intermediate_merchant,0,0,,,,,,
7ae68009-2382-45a0-8d8f-69c0b5e20d56,97,top_merchant,0,1607,good,fast,nice,smell,price,wrong
f49c4b71-d872-4041-b395-f45e3f3ee627,99,beginner_L2_merchant,-0.02,212,good,fast,well,shake,unable,laggy
bdd7ce38-5ef5-4b8d-8f31-eead74bd5dd5,97,top_merchant,0,1607,good,fast,nice,smell,price,wrong
836b8098-5477-411a-9d95-d63ac7568658,100,beginner_L2_merchant,0,63,good,fast,smooth,price,bad,wrong
d6302a40-27a8-4f1f-ab29-7cfbb33563d5,100,beginner_L2_merchant,0,11,good,fast,well,damaged,,
fb0f03e0-e4bf-4ffa-ad5e-e8018fc8d8af,100,beginner_L1_merchant,0,1,,,,,,
5feccbca-b48d-4e9a-84e9-80eb1d830461,100,beginner_L1_merchant,0,2,pretty,good,fast,,,
b674ebf5-b0c8-418b-aca8-17fc64d1ea37,100,intermediate_merchant,0.04,23,good,great,fast,,,
77f2593a-6cab-4b72-b070-7ebc649acdb6,100,beginner_L1_merchant,0,24,good,fast,cheaper,,,
05d499b8-8685-4033-abb1-bcc40b2e294e,100,intermediate_merchant,0.01,248,good,fast,well,price,issue,lag
5e41b22a-c27b-410b-aa16-d084ce864b47,100,beginner_L1_merchant,0,24,good,fast,cheaper,,,
fd990a19-2a9c-4140-9ac1-79df63384b68,100,intermediate_merchant,0.01,248,good,fast,well,price,issue,lag
64f8bf8d-c07a-42b3-84d5-f8d1152bf950,100,beginner_L4_merchant,-0.07,28,good,silent,fast,louder,wrong,dented
fa7c4aec-1d28-41e2-8dc3-fa2b56a55bef,100,beginner_L4_merchant,0.01,60,good,fast,silent,difficult,stiff,terrible
2425181b-8222-4e75-823f-78f835696d14,98,beginner_L4_merchant,-0.1,31,good,well,fast,predicament,fault,crushed
9f7fd109-b9a1-44d8-b445-000155148f98,100,beginner_L4_merchant,-0.01,109,good,well,works,price,bad,complain
940733f3-9e64-469b-a702-c669480ad216,100,beginner_L4_merchant,0.08,12,good,well,works,sucks,damage,unacceptable
9d97fd2a-23a4-47ca-a8f6-9acde97ddb74,100,beginner_L1_merchant,0,11,good,fast,smooth,,,
4c113f91-96e2-40f0-8c9b-879331bd3051,100,intermediate_merchant,0.01,69,good,fast,well,intermittent,problems,retarded
4fccf153-c541-44af-ab88-6d94eff75ad9,100,intermediate_merchant,0,144,good,fast,silent,damn,die,loose
856ccaea-700b-4633-82bd-3df9d3433e2f,100,beginner_L4_merchant,0.01,60,good,fast,silent,difficult,stiff,terrible
54617446-9bca-4911-9477-ad7a5cdd91ab,100,beginner_L1_merchant,0,1,,,,,,
f730147a-fa8f-46d7-8735-04d3b3d4dbb0,100,intermediate_merchant,0.01,69,good,fast,well,intermittent,problems,retarded
3d3b9468-1399-40f0-bffb-a680c747cdc6,100,intermediate_merchant,0.24,14,good,fast,well,faulty,,
e6d86556-1f44-4318-87f9-3f1d06c4b960,99,beginner_L3_merchant,0.01,789,good,fast,well,damaged,price,dented
df80f796-2e87-4584-b2ac-a66afb249e3d,97,beginner_L2_merchant,0,1967,good,fast,well,price,disappointed,bad
64ede004-cf99-4ac9-80dd-50e4e18d9136,100,beginner_L1_merchant,0,9,good,fast,well,disappointed,price,loud
4c17ea9d-7537-4856-96e7-26cfcf9b34bc,100,beginner_L3_merchant,0,0,,,,,,
bc92f062-fbba-45bf-b673-a7d0cf56ea9e,95,beginner_L1_merchant,0.09,16,good,well,nice,damaged,badly,dented
c9b10445-91c8-4212-b7fe-3f411d45541c,100,beginner_L1_merchant,0,11,good,fast,smooth,,,
5360725a-b5b4-4240-9bdd-6ed3127b76fd,100,beginner_L1_merchant,0,1,,,,,,
0159ab5f-9ea3-4b64-9d21-ac0f323782a5,100,beginner_L4_merchant,0.09,47,good,well,works,bad,price,difficult
886125cf-8d72-47ec-85c1-1516affab04a,97,beginner_L4_merchant,0,356,good,well,fast,price,disappointed,bad
01b30890-2332-4c22-8a8b-9ee7e0ac4b16,100,beginner_L4_merchant,-0.03,12,works,like,super,,,
bf2eb282-f554-42ba-be47-759b82f479b1,97,beginner_L4_merchant,0.07,23,good,cute,well,disappointed,issue,uncomfortable
286e0728-9f13-4dc3-b688-3ae9f5087fa3,100,beginner_L2_merchant,0.21,37,good,fast,well,loose,,
ccb103ab-c81d-4a68-a987-e361e5813c53,100,beginner_L4_merchant,-0.03,12,works,like,super,,,
46ec2b44-1271-425c-ae12-b43209d6442a,98,beginner_L4_merchant,0,1078,good,well,fast,price,hard,poor
0a96fc71-fd16-4fa0-910d-d7699a25c9bf,100,intermediate_merchant,-0.03,33,good,great,fast,bad,price,complain
ee09ae20-ff54-406a-a915-e0d9770ccd83,100,intermediate_merchant,0.04,4,good,fast,better,,,
d74ad7ef-d543-467e-b6db-acd5c2f042a4,100,beginner_L1_merchant,0,1,good,friendly,love,,,
a4bc7bda-1d88-4ad0-805a-317b82c9a680,100,beginner_L2_merchant,0.09,11,good,well,fast,price,faulty,unresponsive
5595d181-29bc-4bd6-8e9f-bf23f6f2a0e2,100,beginner_L1_merchant,0,0,good,,,,,
8a674261-ee5d-4172-8e61-dade35fc8729,97,beginner_L2_merchant,-0.03,113,good,nice,fast,price,bad,noise
15c8d822-cfcf-41c0-81dd-f7f292dbc224,100,beginner_L1_merchant,0,1,good,cute,well,squeaky,price,
614b8113-45bf-443e-9851-66276a8612a4,100,beginner_L1_merchant,-0.25,4,good,worth,fast,disappointed,bad,damaged
87ea43cc-b061-4bd9-b495-ff9cd3a5658c,99,beginner_L2_merchant,-0.04,197,good,fast,well,price,loud,bad
78b831e8-12cb-488a-a5af-32de367613ea,97,intermediate_merchant,0,319,good,well,fast,loud,price,bad
caae034c-ba60-4103-820f-78a880f809b9,100,beginner_L2_merchant,0.08,31,good,fast,well,concern,dented,loud
bc0c47f7-b0bd-4cd4-8e04-5d86874f8684,100,beginner_L2_merchant,0,1,great,good,well,ridiculous,,
ea1fd32f-98f3-497e-9270-0d1198eda057,97,beginner_L2_merchant,-0.01,116,good,fast,well,loud,price,hard
b83f443b-83fa-45fb-92b3-ee3b4f55b0fb,100,beginner_L1_merchant,0,0,,,,,,
f30af5f2-5008-4fcd-84d8-7caa8a45db9e,100,beginner_L4_merchant,0,19,good,great,nice,bad,loud,plasticky
56820c9a-c6ec-4221-b7d4-841a012bc49b,100,beginner_L1_merchant,-0.05,22,good,fast,well,worse,unlucky,weak
bfdbeab3-3a13-4dfb-bae1-1fc39ab892c0,100,beginner_L1_merchant,0,0,great,good,thank,,,
687282c4-a460-4c4a-a991-939ac8ea327d,100,beginner_L1_merchant,0,1,affordable,thank,fast,,,
3a9b10be-4654-4cfb-8ba4-c801ea77f559,100,beginner_L1_merchant,0.06,18,good,cute,works,loud,poor,expensive
fbd4c726-4d8e-4c90-b116-a8e6a9b7858d,100,beginner_L1_merchant,0,155,good,cute,fast,slow,pricey,delayed
2b13bb4b-67b0-43b5-a57f-b773f789691d,100,beginner_L1_merchant,0,5,good,well,fast,distorted,loud,disable
5535f819-a850-48a2-ade9-cef130cc3f45,100,beginner_L1_merchant,0,2,good,easy,soft,hard,poor,price
19d0fd42-6c99-455e-94ba-aae5bb5385ea,100,beginner_L1_merchant,0,0,super,powerful,recommend,,,
28c8363d-c8eb-4500-80e4-89a7e3baf686,100,beginner_L4_merchant,-0.05,11,good,well,cute,dented,,
7c188694-05dc-4f80-a905-c368df3abae2,100,beginner_L1_merchant,-0.1,5,good,thank,excellent,price,wrong,fault
8d46e41c-b5ab-4c9d-866f-1bcbcd5c6933,100,beginner_L1_merchant,-0.25,4,good,nice,fast,price,prison,crime
325e903d-0d31-4fad-99a2-0a3a9656df0b,100,intermediate_merchant,-0.11,78,good,fast,well,price,loud,distracting
f3fa9875-2028-4413-8c81-726d6216404a,100,beginner_L2_merchant,0,4,good,great,love,bad,,
382f1c87-5ee0-4143-9841-14f272fa1a6f,100,beginner_L1_merchant,-0.5,4,good,powerful,great,,,
a6122742-4dc2-4049-b0a2-140e878a52cf,100,beginner_L2_merchant,0,4,good,fast,happy,,,
2c3f92ce-0c21-426b-8da1-01969b7ea875,100,beginner_L1_merchant,0,0,cute,good,,,,
f9016cd2-b682-4cc7-94df-55d2986b3d3a,100,beginner_L1_merchant,0,13,good,clear,well,loud,bad,
e76f5b26-b627-41e9-a2bd-efe5c54549ea,100,beginner_L1_merchant,0.04,173,good,fast,nice,price,bad,loud
218631d7-a68e-4505-b6f8-eb2e0b24db6f,100,intermediate_merchant,0,2,fast,well,patience,,,
4b084007-d9e8-43a4-9e94-29e9c00d728a,100,beginner_L2_merchant,-0.17,3,good,fantastic,reasonable,complaint,price,wrong
c152fdbd-ec5d-431f-a34a-8f1158e64316,100,beginner_L1_merchant,0,0,happy,worth,thank,,,
119221dc-7356-4326-b693-df564e70bdc9,100,beginner_L1_merchant,-0.2,5,good,fast,recommended,fell,,
891cba55-5260-4908-97bf-5d6e466ff3d8,100,beginner_L1_merchant,0,0,,,,struggling,,
2432b676-5e5f-4d98-af58-f09102c2ecb1,100,beginner_L2_merchant,0,2,great,nice,affordable,,,
e23f714e-2da9-4102-a34c-240b6920f2e9,100,beginner_L2_merchant,0.04,36,good,fast,well,price,loud,noise
cbfb2b72-0dcb-4518-a5ac-3f9c1bb7b059,100,beginner_L1_merchant,0,0,appreciate,prompt,afford,,,
dc8448a6-0710-4ed5-a590-754d2911c1c0,100,beginner_L1_merchant,-0.1,12,good,worth,fast,negative,loud,buzzing
746d5a0b-a354-4e30-8b0e-2a9070722840,100,beginner_L4_merchant,0,78,good,fast,well,price,complain,dies
3641f63e-893e-49b1-9df2-d910fe5dede7,100,beginner_L1_merchant,0,0,good,,,darker,dented,
48d4711b-11c7-4137-898f-e3b02ed5328c,100,beginner_L2_merchant,0,0,,,,,,
3f6227bf-d5d3-4c14-a898-ad3564ca7e76,100,beginner_L4_merchant,0,1,good,genuine,,fake,price,
0a7bb5c9-9d34-4c76-b51e-7d04e9de028e,99,beginner_L1_merchant,-0.09,48,good,fast,well,price,loud,bad
cb316a82-9106-466d-8928-985feddecc04,99,intermediate_merchant,0.04,165,good,fast,well,price,disappointed,damage
254dfda9-a5c0-42d6-b6e4-50236b954f63,100,beginner_L1_merchant,-0.07,7,good,fast,well,bad,awfully,spoiled
82e3a139-e4fc-4ad0-babe-d61cb79ab645,99,beginner_L1_merchant,0.03,55,good,fast,well,louder,price,spoil
f8bc4389-b7dc-48a4-ba43-b0dc63a2cdcd,98,beginner_L4_merchant,0.03,123,good,fast,well,price,bad,issue
6a3932bd-1a6e-41f6-a1e2-88ae02e02c1d,100,beginner_L1_merchant,0.04,12,good,fast,well,poor,loose,unable
6c38ad1f-097a-466f-9447-53a35e5e6fe6,100,beginner_L2_merchant,-0.1,10,good,well,fast,price,odder,
33fcb712-6784-4c38-958c-a182d43b5f9d,100,beginner_L2_merchant,-0.01,79,good,fast,well,price,loud,noise
fa5550a0-8bd0-4342-a5a5-7a1d32560742,99,beginner_L2_merchant,0.04,84,good,fast,well,price,bad,loud
c16df39d-939a-41ea-ada0-3096c936b704,100,beginner_L1_merchant,0,3,cute,works,good,,,
189d2d31-6bf7-4db2-ab25-b78143391085,100,beginner_L4_merchant,-0.03,23,good,cute,nice,loud,poor,bad
a8acb02b-a513-488c-bda1-98e159b02634,100,beginner_L1_merchant,0,3,good,well,cute,sad,unsure,
77fcded0-e48a-4d60-b777-aadd21328813,100,beginner_L1_merchant,0,0,,,,,,
6ed85701-1e86-4613-b1ae-2506da2da43c,100,beginner_L2_merchant,-0.05,30,good,fast,nice,bad,,
536fc00d-4e27-4f81-b60e-471873defdad,100,beginner_L2_merchant,0,0,,,,,,
0a96536a-b5a7-40a3-906d-7024c6ceae87,100,beginner_L1_merchant,-0.2,5,good,fast,great,loud,,
0713c35a-9d4a-41ae-996d-41f4cc8c89f3,100,beginner_L2_merchant,0,1,worth,clear,,,,
994d9953-a270-4ed0-aa42-010e2b27e96b,100,beginner_L1_merchant,0,0,,,,,,
9ee85891-62fe-4e80-ac31-6b6d0b97fd63,100,beginner_L2_merchant,0,1,excellent,clear,good,,,
a795e313-77cb-4906-beb5-35788e1d119e,100,beginner_L2_merchant,0,11,fast,good,well,sadly,,
1b165bfb-008b-4973-a475-d42ea9b71d53,100,beginner_L1_merchant,0,5,good,portable,happy,loud,,
1d419ee1-9394-42ea-8487-155edd117c21,100,beginner_L2_merchant,0,0,,,,,,
83541195-e62e-4112-b05e-1602b6c202e6,100,beginner_L4_merchant,-0.07,45,good,fast,well,price,spade,complain
9958c499-9833-432d-bcca-efea07f59629,98,ultra_merchant,-0.11,144,good,fast,thank,price,loud,bad
740f47d5-b167-4568-a8eb-04811b1161a5,100,beginner_L2_merchant,0,3,good,amazing,fast,bad,sucks,price
f8e031f8-c105-492f-9ea6-9b1d2175d43a,100,beginner_L1_merchant,0,0,good,clear,sleek,,,
56ca8a52-1823-40d9-a909-82cac081f747,100,beginner_L1_merchant,0,5,good,clear,compact,price,,
2816c765-ece6-4092-a6eb-87a1a9246682,100,beginner_L2_merchant,0,5,good,cute,nice,price,damaged,dented
7b9be1b4-b92c-4c69-8c48-a392067a5979,100,beginner_L1_merchant,0,1,good,fast,worth,fake,louder,
15284395-8b41-40e5-b61a-efb1dafd6460,100,beginner_L2_merchant,0.2,3,good,fast,easy,loud,price,waste
e6f6a937-76c3-4f91-b098-5c523b7f9df5,100,beginner_L2_merchant,0,7,good,worth,fast,lousy,poor,rough
03123f5a-2719-40cd-b5ec-d78f6e1c2e84,100,beginner_L2_merchant,0.1,20,good,well,recommended,break,dented,dissapointed
2556feb6-256f-41bd-8e70-3c2bb5f85168,100,beginner_L1_merchant,0,155,good,cute,fast,slow,pricey,delayed
904abf40-d4b3-420f-9868-32dbb628b1ef,100,beginner_L1_merchant,0,1,nicely,promptly,works,,,
295b1bf2-08c3-4b5a-8d86-2dc910fde7fe,100,beginner_L1_merchant,0,10,good,well,clear,died,distortion,price
cc032648-9178-4f1c-a2da-f57c4a7d1b72,100,beginner_L4_merchant,0,33,good,fast,well,drawback,issue,rust
99b4dcf9-1ea3-48a9-a206-594788949594,100,beginner_L1_merchant,-0.26,15,good,fast,nice,lousy,loud,broken
8c553009-fd69-4ac7-97a7-fba4a5cdd64a,100,beginner_L2_merchant,0,2,well,good,free,disappointing,loud,vibrate
d9e3a6fa-1bc7-44ce-b6d9-d7109505537c,100,beginner_L4_merchant,0,5,good,thank,helpful,broken,defects,loud
60909d6f-f59a-40ef-bfc6-6d8ae3edbfd0,100,beginner_L1_merchant,0,1,easy,good,super,,,
08a70c9c-8bce-4486-9110-e6e3407a60f7,100,beginner_L2_merchant,-0.08,4,good,fast,recommended,,,
cc2e95ab-6d07-49bc-b123-b8f7b29591d4,100,beginner_L2_merchant,0.07,20,good,fast,well,loud,worst,scratches
60f6ed8b-0da2-4968-ac9e-0153c930b296,100,beginner_L2_merchant,-0.45,5,good,fast,happy,poor,sucks,lousy
73f22008-7d4f-4ee1-a8c7-94c74b3292b5,100,beginner_L1_merchant,-0.02,35,good,fast,well,loud,price,bad
3bcb36c4-52be-42fd-b6f7-f7ebe2a1a4fa,98,beginner_L2_merchant,0.07,81,good,fast,great,price,weak,disappointed
319c01e2-6eae-49bd-b9eb-972b71297822,100,beginner_L1_merchant,0,0,good,clarity,wise,disappointed,,
8ce02988-3b99-480d-8295-670643e5cf3b,98,beginner_L2_merchant,-0.2,33,good,well,fast,bad,price,poor
c679bede-c9d9-4a10-b60c-156827e1f705,100,beginner_L2_merchant,-0.12,11,good,well,worth,price,faulty,wrong
ebe3f747-1ab9-4650-beb6-b6949e44d61d,100,beginner_L1_merchant,-0.1,56,good,well,fast,price,loud,issue
96857c25-2f58-4396-b635-73ffadd1d942,99,beginner_L4_merchant,0.03,53,good,fast,well,bad,price,hang
45d8cf54-dac2-4dc5-9c46-d1e98e83816a,100,beginner_L1_merchant,0,0,thank,fast,,poor,spoil,spoiled
7091836e-2ffe-4c03-9842-eca631da0a69,100,beginner_L1_merchant,0.11,11,good,worth,fast,bad,poor,loud
722b7141-e55d-4961-b38a-e89c49b2ef0f,100,beginner_L2_merchant,0,6,good,fast,nice,,,
e5ff2931-1c83-4897-9f68-618cb05d7d5d,100,beginner_L1_merchant,0,2,good,well,works,fake,,
9dd713c9-8a8e-4e1b-8b91-b854c8b15e23,100,beginner_L1_merchant,0,29,good,nice,well,price,slow,bad
44a041f1-24d2-4e81-b1e1-44fcdc41ef19,98,intermediate_merchant,0.04,26,good,fast,well,price,mistake,delay
e7edeacf-8bc6-452d-bbe9-ba7aedc760a4,100,beginner_L1_merchant,0.04,12,good,cute,fast,terrible,worst,rude
9174df39-ee3f-4478-9911-5c7debe5a07e,100,beginner_L4_merchant,0,4,good,clear,well,,,
840bfe3a-907b-47d2-8ba2-cf662c2ff423,100,beginner_L1_merchant,0,1,,,,,,
2d58b905-beea-4a4d-91c4-beca69311808,100,beginner_L1_merchant,0,0,,,,,,
84efd2d2-c99e-43c9-b4ee-b78d94763282,99,intermediate_merchant,-0.02,72,good,well,works,noise,faulty,complain
1088fd13-4ed4-4964-a969-4cce9b8f1986,100,beginner_L2_merchant,0,0,excellent,good,works,,,
6614655f-4e19-4a09-bf0c-9e147817aebf,100,beginner_L1_merchant,0,9,good,fast,great,loud,,
1230caa9-a28e-4178-9dbc-d0d9f39b928e,100,beginner_L1_merchant,0,0,,,,,,
8b1afcc4-2522-48fb-8e1a-0a186525d692,100,intermediate_merchant,0,0,fast,good,pleased,,,
e634b9ba-08e3-4d00-997b-ee4a3437b448,100,beginner_L2_merchant,-0.03,8,good,well,nice,complaints,issues,
8d69cbbc-7c81-41fd-8414-fc22895f3f6b,100,beginner_L1_merchant,0,0,nice,great,patient,,,