merchant_id,name,total_rating,response_rate_percent,days,no_products,response_speed,no_follower
983b8576-0dd8-4c84-acdf-0915734adbd0,sprise_localstore.sg,809,96.0,210,12,within hours,630
6e3b6c48-c873-44ac-b99a-845f35a30cf7,IN-BOX,24200,97.0,2920,366,within hours,11500
90f139bf-4bb4-4f5c-8511-f99ede1d71b2, Edifier Flagship Store,367,97.0,210,24,within hours,2500
355137ee-5cdc-46f9-a573-c4e6a6cbe5f5,SHAVALIFE,18800,97.0,1460,63,within hours,7600
7b1295a7-da41-4856-9f62-48121ce1c6a3,SonicGear Official Store,5900,61.0,1095,78,within hours,7900
9bb43343-23f7-4899-aa82-be5adb5b2e7b,VOCOAL.Pro.sg,6200,99.0,390,123,within minutes,2900
4a2c9a24-edce-4c14-8cb4-f2de78d9526f,Spark HD ,26600,98.0,1095,374,within hours,8600
299b0148-e796-45bd-b0b2-955e0cbd09a3,okwis3c.sg,1600,100.0,180,20,within minutes,1000
0b718f8c-5b9f-4090-a61c-a1a9a1712001,Daniel's Recommendation,12800,80.0,2920,352,within hours,2300
c381d772-340b-4604-8c59-9a7d7e3ea7ef,Sehold official store ,255,75.0,2190,12,within hours,132
a1fae61e-f258-4d22-8d36-f9c85fe40979,Baseus Official Store,216200,100.0,1825,516,within hours,122400
174c12a9-00d4-451b-aee8-a90173579417,Smart Shopping,46400,68.0,2190,1100,within hours,5400
15d2f539-b21b-4056-b5ea-d4a9545b6b0a,Belkin Official Store,3900,54.0,1825,124,within hours,14300
aa323631-838f-499d-af6e-2736e8ff8760,Lifely.sg,28100,98.0,1460,39,within hours,5500
1c066884-5997-4b64-960a-ce89c5196fcf,Online Singapore,13700,98.0,1460,75,within minutes,11700
85e50dd6-56a0-441b-9b72-97a6317c83a4,BELLYWORTH,4800,99.0,2190,45,within hours,1200
3cdfe5d6-2da0-447b-9ddf-2eb74348ca46,skystar0405.sg,2000,45.0,420,141,within hours,830
0509271f-ee1f-4f62-8b5d-069dcc150178,vitog official store,20900,100.0,1460,118,within hours,6400
90dea391-dc91-46cb-bbbd-d8633cc89659,chengaii.sg,11300,99.0,1460,86,within minutes,3100
ad2b536a-021c-41c3-9cad-9f74560fc512,hiyoromich.sg,24,100.0,390,144,within hours,33
e63756e6-6c7e-4c64-8f94-8c9943aa1eab,RedDotVillage,3600,89.0,2555,518,within hours,249
9ccb4a27-e1e3-49ca-b58d-5292618016ac,3c3cmall.sg,2400,4.0,1050,411,within hours,172
0ef30050-7747-48fd-a743-a0cbffc81a98,Lenovo Thinkplus,4700,96.0,480,113,within hours,654
29635bea-8e1b-4e96-bd2b-b06a38a86363,heimi26.sg,13300,89.0,1460,138,within hours,3100
54e4d556-e98e-4fb3-bbb5-a6d2656ffdc3,Neineik Store,27400,99.0,1460,600,within hours,6400
11dc2d08-8cb4-4029-b313-6cda58d79163,hongzan.sg,1600,88.0,750,103,within hours,373
e4580413-6783-490c-9826-27e584069f4a,Ministry of Powerbank,10300,81.0,1095,365,within hours,4600
8dd47d0e-2772-4ff4-9d2e-83d22c914c88,Skullcandy Singapore Official Store,2200,94.0,2190,38,within hours,9500
068161c1-9c19-4d0a-b7d6-45984f3ab973,nuowa.sg,3500,56.0,900,249,within hours,1100
6edf5a9e-df47-449c-9e6e-46756d2f87ff,bestshoppingland1.sg,899,100.0,1050,999,within minutes,179
e9e1d223-2483-440b-90f0-0f58d91765c5,YIBIN Onine Store,3600,86.0,840,91,within hours,955
51095109-817b-4d7b-94f3-aaeea1781721,Five starüíØüíØBoutique Digital Mall,111,74.0,510,56,within hours,47
7b584ff9-6087-46a4-b3f2-2a57ac9afc67,Jojo Gadjet,2900,100.0,1460,25,within minutes,122
d3d4ce52-38a4-4b48-8346-9db1a7abfc88,lighting.sg,4000,4.0,1095,775,within hours,314
d9444630-108e-4b6d-91d9-2e2fdf324895,Luxury Watch Wizard,3800,89.0,2190,115,within hours,2300
460192af-420a-4769-941c-c31086043daf,Prefeerdshop.sg,4700,100.0,930,223,within minutes,1200
2fdac5fe-83fe-4a0b-9286-81ad6996abc4,SPEED MOBILE CLUB,2000,96.0,1095,608,within hours,960
8ffb41eb-7b18-4a43-93c3-41c5b8cc7bbf,hocosales.sg,2000,79.0,720,245,within hours,1400
e9ecd31f-bf91-4751-9650-cc07562e0384,ujubaxr.sg,287,57.0,810,74,within minutes,107
859cc481-ab7f-4be2-b5c1-ea59f12f2b7a,Leapfrog E-Store,24600,55.0,2555,203,within hours,8300
ea995824-634e-4cca-8b82-f25a239bbaaa,samanthayap1983,9400,7.0,2190,440,within hours,794
a02f93e3-d52d-4eca-ac67-1696bf1bd8b7,uacstore.sg,1500,93.0,840,444,within hours,1100
af42f224-42c6-432a-96f9-5bce3164fe7c,Kam_3C Store.sg,259,94.0,330,302,within hours,130
a16523b0-72b9-4f33-a4f8-a3db56000fea,Bestzlink Technology,6300,96.0,510,50,within hours,2800
b36f66c2-2722-4c79-a41f-a1f861ff6d00,Ankndo.sg,31400,82.0,1050,846,within hours,3900
29ea9308-73e7-4a8c-9ad0-ea6b42dcba56,TUDOU.YU,7700,91.0,1020,238,within hours,1400
73b58e43-0156-4ef4-b1e0-4785ac08eed3,stephen.sg,826,64.0,1095,47,within hours,365
cdeda067-141f-4b0f-b80f-8ae661833e82,Memory card-3C,4600,57.0,1460,55,within minutes,465
f4b60338-9688-4670-8c6c-18c01440f2ac,POPULAR Official Store,37200,68.0,1095,852,within hours,92900
2d970ec8-e61c-44a3-a14e-d9144410229f,WYM 3C.sg,3900,82.0,750,595,within hours,478
f8d4d069-007e-415a-9b0f-9aeebf288e41,Edifier Official Store,449,56.0,2190,30,within hours,3100
ba4e7540-45a7-436b-9e87-d0954e110b65,D-Lifestylesg,1300,60.0,1460,260,within hours,1500
d78d6b14-2857-4beb-b673-63769a45dddc,ketech1.sg,9400,93.0,1095,1900,within hours,1600
ea9888dd-0e4c-48a2-8224-6d1433fba184,yunba.sg,40,8.0,480,33,within minutes,15
b4ae3467-de92-46ba-a68a-5e22ea6a0496,ContessaStore,16900,99.0,750,290,within hours,3900
1d11f128-5ea3-4b85-ba24-abaaa8691d53,kobeton1.sg,1700,32.0,1095,245,within hours,676
0fcc6421-cd40-4b6c-9034-5bf9b2ece2fe,bargainmall.sg,5500,29.0,1825,187,within hours,1800
f270381c-5c10-4300-a269-2eea2355e5c8,2tzomvajv1,3300,25.0,1095,2300,within hours,632
e76015e1-aac0-4edf-af0d-fe65bcf172b2,HvH Network,1200,68.0,1050,38,within hours,143
bea2bb49-264c-4eba-8506-93ce2b76715a,LionShield,206700,84.0,1825,1400,within hours,110600
c6c277c0-c2c3-4805-ae45-099a13310b30,Blinkfyre,5600,88.0,900,33,within hours,1300
aa371283-34b8-4bb7-9287-635a5958ecad,Pretty Flash Stores,2700,49.0,2920,30,within minutes,968
f711b277-1f6c-40fa-a4ab-b780ea931e3f,JW By TreNex,8000,99.0,2190,24,within hours,3200
eed37b04-3e53-48c0-a366-33565425c951,Redshot,33800,81.0,1825,241,within hours,14800
b0ffac42-1e9c-41c7-a830-9c809dcf0957,Fashion electronics.sg,363,100.0,690,77,within hours,26
cc48e162-a15b-429f-a75b-28021c1fe6b7,Targetever.sg,0,57.0,41,13,within minutes,0
d565edce-6db8-4c9a-a4e7-0e82070432b5,music.sg,3300,92.0,1095,612,within hours,1000
5645f285-ca3f-4330-9051-e622ee28620e,FlyDigital House,7300,93.0,2190,51,within hours,4000
23c6188d-d66c-4dc4-a2a4-2808802bb338,Thunderobot Global Store,278,65.0,360,53,within hours,685
ff07d590-f1c5-4188-987d-78a606ad5a3a,Redragon Official Store,913,58.0,1080,102,within hours,1300
b918c027-84a8-479f-b069-b390df8650f9,Alcatroz.OS,558,61.0,990,40,within hours,754
82982cd7-a35c-4025-9272-3fb72b9a61ca,Rabbit Man Electronics SG,152,73.0,60,13,within hours,67
5a36b3bb-0757-4fdb-bb52-400c7ea7ef50,Koala Home Lifestyle ,28000,95.0,480,116,within hours,23400
c190c567-fcfa-4082-92ef-b8dc5bdbee41,giftswonderland,6800,96.0,1050,98,within hours,7500
3c00dd31-fc0a-4234-b095-bbfd12338d30,Amee.SG,15700,92.0,1095,41,within hours,1200
b5a085cf-62b0-4d89-afc1-ef98beb77f59,DayTech,1800,91.0,1460,61,within hours,441
37e307b9-75eb-458c-89e0-7052beaf54bd,Cybernetics Tech Official,9900,94.0,360,130,within hours,4300
8f7e2acf-b671-4d2f-b4b7-fdc2a31e57f6,Logitech Official Store,74800,90.0,1825,180,within hours,173300
833aa515-5578-42d7-a143-bb426efeaa4e,wowkingÔΩúLife Technology Digital,6700,96.0,1460,368,within hours,4400
2d9eea86-7938-4bc4-af65-bd58b5a2f52f,MOU Outlet,6600,98.0,450,26,within hours,1000
a44bc6ee-27a6-4ba5-8cd6-43d7b4d9dc69,MixGear,1300,73.0,630,323,within hours,121
75d1c8f7-8f49-419a-88d5-474cadfe82f7,"Linkson ""SG LOCAL SELLER""",2500,91.0,1095,63,within hours,1200
387e0995-32e3-4f9a-8203-b47da2d79406,qiantushuma.sg,29,90.0,60,110,within hours,36
70909df8-7b9b-4473-bf65-2dba2cc8cb2d,Topwang.sg,828,88.0,1050,234,within hours,1100
e56dafa5-81e0-4b27-860e-c5eefb9ad679,CHUKER.sg,62,100.0,810,15,within hours,15
346fe19e-6a30-44e9-b734-8705da694884,FANSU wholesale store,3700,47.0,990,53,within hours,1800
cf70efde-05c6-4826-bed8-48ce038390be,Tech Dynamic,3600,98.0,2190,727,within hours,2900
cbcbf8da-a01b-4f84-9a70-f75939249c6c,Logitech G Official Store,10900,78.0,1095,122,within hours,48700
765009ba-e268-4f4e-a6da-a27bda154a94,shiningpc,1300,97.0,1460,237,within hours,1000
972ed0fb-505d-4a9f-9eae-dafedcbf292e,zifriend.sg,275,52.0,540,63,within hours,267
8c3421ba-e993-4dca-a286-160a0bb7359f,JANZ 3C Store,28900,97.0,1825,178,within hours,7200
d3fa4aa4-9fe6-4e29-bb0c-5bf74b5acc18,BlueStone>,130,73.0,930,56,within hours,181
4b6f6a3f-6637-40b6-9b46-a6d1af70121a,ELCNET STORE,2600,86.0,720,249,within hours,1600
9c564e0c-e2f9-4f54-8a48-9a8692837e55,Nextgen82,25,57.0,1460,12,within minutes,15
1f14cdc8-277b-4a46-b782-b4b5a04da0de,sg.bestseller,14500,89.0,2190,248,within hours,7900
23dc0311-e9a7-4e1f-b8db-4cb21199aada,SingKart1,1200,57.0,1825,93,within minutes,339
418b223e-8f0e-4fe8-a1f9-756b30c968b8,MD Group,3900,54.0,2555,26,within hours,751
626dd5fa-884f-4600-b725-d1e5494179d2,Cyberpark,5500,93.0,1080,64,within hours,3500
7c22a761-6dcb-4595-8090-093fd6677573,Prolink Official Store,16800,93.0,1825,127,within hours,8000
1a960d60-0940-4642-913e-62cbfdef298a,Dasher,87300,100.0,1460,387,within hours,59300
a3e0a8de-7325-4046-a89b-7b2d52406853,Roccat Official Store,47,100.0,630,16,within hours,340
57998b7a-a68c-4df4-b872-68113b668a9b,youme29,4,100.0,150,26,within minutes,24
7b82a4c9-7ec0-4f6e-b60a-b9e495bb4669,Crazy Sales,7700,89.0,2555,345,within hours,3200
f6c3d11d-5100-4285-809d-6c36f1ef4322,WIN Digital,38500,75.0,2555,780,within hours,6100
ccc02cf5-f41d-46e7-8f22-54d05f22492e,TIANYU GLOBAL,14500,72.0,1460,778,within hours,2200
ba2208e2-a49b-493f-92b9-3e0b5b2a0347,NIXXOS.SG,9500,93.0,1825,58,within hours,290
ac861127-c28a-4f9c-85aa-f20cda3404c7,Roni Boutique Trading Store,19500,95.0,810,269,within hours,6500
b97e3f12-a11d-4c0c-86ca-91160e080a79,BlackHawkSG,1200,87.0,2190,21,within hours,2400
c8f13732-476a-4c53-8cf4-a48655d6a1f0,VIP Retailer,364,98.0,1095,21,within minutes,292
e66be3f7-5398-4aac-afe2-a5cf6fb57711,whgadget.sg,70,100.0,1095,20,within minutes,29
8e2a3fcc-51e7-4a76-b870-5f9abf58e3e8,San-Ace Electronics Pte Ltd,3300,61.0,2555,135,within hours,240
3fb0a67a-3807-4b7a-8ef9-dab1eb8018d5,Armaggeddon Official Store,14500,62.0,2555,143,within hours,30200
a4d47e3a-57e7-49ae-817e-6712a1390a53,DIITAL LIFESTYLE,23700,78.0,1095,893,within hours,2800
bcfd1483-4f65-45c6-80b5-6a8546f5647c,thanhgiacti.sg,1,57.0,480,20,within minutes,6
fa1f4c3f-c511-4fb6-941c-ef838e47e821,Make Fine Computer (S) Pte Ltd,9200,88.0,2920,1300,within hours,2100
20cb1d27-6e5c-483c-9399-dbc610430d69,inksmart,686,91.0,1050,20,within hours,160
55fdf3f9-cd5d-46db-bc3e-86c4f8305f8f,Razer Flagship Store,11000,80.0,1825,181,within hours,49300
d28e4067-f089-4fc2-8f12-138f2ce5efd4,elecworld.sg,3400,63.0,1460,550,within hours,979
78de1ffe-25af-4713-901b-8534205311e8,BestDeals,7100,71.0,2555,25,within hours,503
42e85aa0-c4e3-482f-a067-75e0068c0aaa,Swag Keys,194,56.0,360,18,within hours,39
3200e4c3-ef03-4c83-a1a6-6a4e9956cbac,SVIJ Enterprise,563,88.0,2555,102,within hours,245
40906e60-a25c-45bc-93cd-57029c7fff0c,MiniHelpersSG,9600,65.0,1825,57,within hours,7900
ff280150-17c1-4983-99dd-cec65ed70ac3,Baseus Flagship Store (Singapore),11200,96.0,2190,111,within minutes,8300
7ade4cef-82ce-4006-85db-bff009134067,NBTechLink,1000,99.0,720,30,within hours,745
a64a8cf3-7327-4068-a6e8-7b3ab20e0ecb,77 home ,863,99.0,510,65,within hours,1000
50ab6104-b628-4ff1-b6c9-ddc4a296d07a,Acer Official Store,15900,81.0,2190,792,within hours,63200
eb24fb2b-778a-4b71-b80a-e8cbc978f111,Samsung Brand Store,9500,100.0,900,245,within minutes,61400
4581dd45-53cf-492b-bc8a-28270bbfe966,PrismPlus Official Store,13700,100.0,480,89,within hours,98800
d849e7ec-e260-49da-ac73-2c002d3e8172,Lenovo Authorised Store,4500,100.0,1460,387,within hours,39700
5bb6359c-4657-43fa-baa2-b48a84adbcc1,ElectronicsCrazy,1900,91.0,1825,2200,within hours,464
71bd3d6f-6493-4fb1-b682-332b0bc64703,Sinseng Components Pte Ltd,10700,81.0,1460,493,within hours,3200
7834bc30-6219-42b7-a580-bceba3b746b8,ZSCMALL0.sg,53,79.0,150,29,within hours,172
0ffad575-b56d-4c88-9756-ef1fbb4458a3,LeRenew,824,88.0,2555,93,within hours,1500
c74fc7cf-25cd-4b49-b961-0f55e52e8c28,sakurapowershop,1700,87.0,1095,14,within hours,503
cfe71f83-4c6c-43a1-afd7-ad97b066d5ec,Mi TV Store,4400,62.0,720,59,within hours,9700
196a91fa-9243-4724-a9f2-0334ac1c01e9,W Digital Market ,18300,81.0,1095,702,within hours,2100
514bc279-4ff0-4e72-81fb-ef0478fe0765,Best Denki Online Singapore,1100,80.0,480,1700,within hours,1300
34a7baae-f400-452e-9d90-11eafa23a76f,KMDV Electronics Pte Ltd,19,46.0,960,792,within hours,7
24bbfa67-b93d-4ac9-a7cd-a747b25819b5,airdroptech,12300,89.0,2190,154,within hours,2600
960e5668-3998-4c7a-b04a-d686b64bf333,Ashbers,3400,88.0,810,265,within hours,3300
d4e4ceb7-41bc-4858-aacd-de2b5aeb83fd,Spiderman 3C digital shope,1600,99.0,1825,1200,within hours,590
5e58c288-c7ae-4042-8e5f-159582058985,BOUGHTNEX,92000,93.0,1095,1300,within hours,72600
8447c51c-25ba-4012-8165-de550454d0a2,pearlblue tech Pte Ltd,10400,80.0,2190,704,within hours,3400
47ba73dd-8cc6-495a-a865-b26aa7e72f76,Modern Home Product,6600,88.0,1460,59,within hours,1000
5fa9bfd5-bbb8-4230-9b23-c8b9c77edfdc,Magenta,1300,65.0,2190,130,within hours,718
8677d35c-ae34-495e-a1c0-c17898a03dd3,minihelpersshop,7500,55.0,1095,48,within hours,4800
2e0a24ba-87f0-461f-ab2d-4cbe6fc47af3,llano official store,13300,100.0,1460,184,within hours,6200
e20e9ef3-7d42-422c-88cc-ec53c56a7272,Saviour Comsale Trading,502,100.0,1095,393,within minutes,487
d23b2857-e7dd-4c21-9b5c-68a1be74ca09,UB18 Computers Pte Ltd,196,80.0,1460,50,within hours,282
af1b4452-36d7-4285-b1ca-2fa20ecc59ce,3C SG LOCAL SHOP,22800,86.0,1050,143,within hours,6500
bf74fb20-2d51-4c33-85be-5a0ddd3c06a9,G Hub Plus,1000,90.0,1020,115,within hours,316
c57d34ba-151d-4c29-af4a-e6493c13ab0d,Zoomed-In Official Store,367,96.0,570,17,within hours,760
4a4be1d7-71d6-4398-921b-f973c0cc9b3c,LiveGood,9000,94.0,1825,78,within hours,6000
223cc903-9dd1-4a8f-868b-6a2bf84009fb,LG Singapore Official Store,6100,100.0,1095,261,within minutes,66100
84bbb7e4-dbf1-4313-9918-98069d688735,Ayuqi,6700,66.0,840,170,within hours,3200
0f67439f-5368-4a0f-b5c1-bcf9adf4a2b3,Trader Marco's,7000,94.0,750,79,within hours,2900
7f1d99c1-6265-4645-89e3-4bd4be4d2d43,Local Supply Singapore,8700,88.0,2190,121,within hours,6400
3c18cc3e-c9c0-4923-8065-25b2407b5686,VISIONSWIPE,860,56.0,510,26,within hours,597
27b3f631-02b0-473e-b25f-93372bf137cc,ULTi Official Store,22800,85.0,900,158,within hours,22300
2404ec77-34f1-4a08-8c1f-ad4de9363932,MatrixCyberStore,1000,79.0,2190,727,within hours,790
2c087faa-5bf7-482f-97c9-5fcb5a38a691,SINGPLUS,13700,79.0,1095,761,within hours,2000
eadbf262-67c9-435d-9e75-eb0c1c597efa,Philips Monitor Official Store,346,68.0,840,37,within hours,2200
360d3142-ec93-4581-be38-6c7477f6954c,Pixle Official Store,389,81.0,1095,17,within minutes,1400
b9a90c02-41a9-40ac-b003-47a76ab50396,ASUS Official Store,3000,75.0,2190,524,within hours,26500
fdde3e35-25fd-49b2-8e65-7a0a7893557e,ALLSTARS,2300,95.0,1460,2200,within hours,3500
0d1a7c4d-0469-4492-8b7e-c6376c28727b,AOPEN Official Store,658,92.0,1080,75,within hours,2000
51db12db-4571-40b9-88f5-d6b03c0549c8,Best buy SG,370,78.0,960,183,within hours,62
673af36e-b7b5-4b5c-8db6-df78b6708f0e,Createsoft Group Pte Ltd,229,94.0,1050,58,within minutes,170
24c39b67-0afc-4a16-8e2b-5b4e19d5ab15,Challenger Singapore Official Store,1600,67.0,360,1300,within hours,7300
cbc2ffb2-9a5e-4c88-b1b6-2d2fba44bef3,ViewSonic SG Official Store,994,59.0,1825,96,within hours,2400
d7d04fd2-1af5-4496-8c56-8fec47f822b2,Pasar Malam Corner,942,59.0,870,1400,within hours,437
a968686c-4393-44c1-bb59-5da264b53ff3,ultraware,54,89.0,1825,50,within hours,29
80e78c78-4fce-4908-82a6-95dd4f639cd0,TECHABYTE,174,52.0,630,2300,within hours,267
b2c6168f-20c7-45c7-bb3a-b2796355a387,Venture IT Solutions Official Store,914,57.0,2555,125,within hours,588
16f2d3cd-b5d8-459e-859c-b8971b3df7f7,ANYU Brand Store,291,64.0,120,56,within hours,228
451bca9f-783e-4d5b-93a2-e5888405182e,Eazy DIY,1200,97.0,1460,19,within hours,669
28ea9c76-e60a-40c5-a8f3-c3b4043364fc,‚ù§Brand Franchise Store‚ù§,10500,99.0,900,253,within hours,8000
a0926081-2f84-403e-bce8-2ef806d0a679,HP Official Store,13700,100.0,1825,147,within minutes,53300
8d9c1f3f-4b97-4ae9-9ae5-54b230534c7f,asia3729,4300,93.0,2555,141,within minutes,447
e6f554e1-c937-427c-b2ed-a8cf128097e9,Lovihome,166300,81.0,2555,138,within hours,14500
ecc235a5-46dd-42f1-bc15-6ce111a61bb5,FTW.SG Singapore Flagship Store,11000,94.0,2555,98,within hours,3600
8a7f57c9-2b06-4439-9a3f-bacc25e2f47a,Four Seasonsüå±üå≥üçÅ‚òÉÔ∏è,1000,98.0,450,48,within hours,531
443a458c-bf32-4601-b8dc-8d1865e56123,Tomato SG,51000,100.0,1050,83,within hours,21300
ea1734fb-aa7d-473a-8c2e-bb41b7310712,js.garden,1300,56.0,1095,477,within hours,550
c4bd5a41-99eb-40fa-bbb7-967ebb9188ea,SuperCozy,16600,23.0,1825,139,within hours,1600
daa10d55-ac32-488b-a101-69033241b3e9,Happy Living,51700,91.0,1095,126,within hours,4400
123847f7-4618-4724-a672-c5eb8f59cfc8,fortuned.sg,603,100.0,930,72,within minutes,249
d988c191-0f8b-460a-b63e-37cde9b95075,Kosmo¬†Official¬†Store,597,36.0,330,29,within hours,198
6bba3e6a-f40e-49ca-bddf-06937a75f5db,Smart Zheng,30300,100.0,1825,486,within minutes,7200
744f1911-35d5-4d76-a607-3439d1870800,Ugreen Official Shop,190200,100.0,1825,696,within minutes,96700
79b5a427-ef10-4cde-9605-99bbcc1b4aec,CHUYI Official Store,6600,75.0,1460,410,within hours,1700
46f5e64b-9231-49f2-86ec-078123785c57,storagedrivei4.sg,333,100.0,330,27,within hours,39
ca0cb00a-fa1b-4537-9616-ca6969f7a530,Can Sheng Laptop & Computer Accesso,4700,100.0,1095,256,within minutes,1200
582afbf4-d3c3-4a19-916c-0bbfcf2175c2,huazai,546,52.0,2920,31,within hours,102
a1ebcf55-3e7d-43c9-a374-41bd96d9a12b,00000.sg,1200,100.0,870,18,within hours,254
39329d40-2118-452e-be1d-e7443125a380,sharesunshine..sg,1200,61.0,1095,195,within hours,536
b6dd8bb2-3ebf-406c-adfd-1418ffddaaeb,heibox,1200,93.0,270,16,within hours,932
ea243cc9-1bd4-4d8c-96d8-da0974679c8c,LGT_LetsGoTogether,1600,95.0,1020,45,within hours,1500
3a4376b1-1598-4aa9-9f5a-7cda8b4c04bf,Apple Flagship Store,105200,92.0,870,305,within hours,102600
7443434b-d84e-4d4f-9359-5b2a5a3e903a,GamerPushCart,1800,96.0,1095,46,within hours,199
797d1d02-2ae1-4bf7-8c2b-0dc0f8b6ca01,JCgadgets,1300,74.0,690,23,within hours,1100
2742502e-80d2-4189-a4f3-c3026b184c26,Collen,321,64.0,660,305,within hours,271
a28722b6-b41e-43d2-a9f7-3f3fc0e50a6b,Aukey Official Store,25400,99.0,1825,190,within hours,47700
a303317a-11e2-4fdf-89d5-74d1de1e7838,ELECOM SINGAPORE Official Store,5000,54.0,1825,386,within hours,9400
12926415-7b7f-4d2f-bf99-c0679ebda255,NuPhy.sg,3,23.0,90,10,within hours,108
b247b40a-fa81-4f5f-89f5-ba6f1c7c54df,Ugreen Global Store,1700,100.0,390,38,within minutes,5700
6dc93a23-3bbf-4c42-9db7-cbb72f5ce8b9,Anker Official Store,47800,85.0,2555,405,within hours,67200
1f49e4d3-20ff-4d29-9894-b83cb86578a4,Surprise every day,7,90.0,210,15,within hours,5
198388ed-7c46-4c65-8262-7bfec806d9ed,Fashion Mobile,27900,89.0,2920,238,within hours,6400
5fbad251-5c05-4f84-87d5-06c5a38a4308,12BUY.SG,30600,97.0,2555,421,within hours,16900
24b65612-08a1-4baf-82d2-9796dbddd537,S&S Trading,13000,98.0,2555,186,within minutes,4700
891dbbfd-6112-49b0-8266-f80e07ff8229,3195907963.sg,703,100.0,1095,147,within minutes,288
62856ead-c164-4a2b-8598-8f9b8e087c2a,iGoodGadgets,350,32.0,990,142,within hours,243
5ec6b7bd-baea-4d7b-b5ba-5c3358ba5f63,LS Fun Shop ,117,100.0,660,268,within hours,42
9d75de11-5c00-40f7-a687-4a2c57dabac6,Dynacore¬Æ Technologies‚Ñ¢ ,7900,80.0,2190,2900,within hours,9800
84d6d7f7-c657-4dfc-889c-c5b9409a3b92,Smarteye,63,87.0,390,71,within hours,9
0b2f9f6d-ca4a-4df7-be00-770c040c9932,Cranium SG,9300,97.0,840,18,within hours,3300
8d58f5da-57ce-43c3-b22a-8649f8ee74b9,mixshopsg,362800,97.0,1095,135,within hours,27500
684141e2-ed5f-4cec-92e0-37f309c180c5,Quality Builds,6700,25.0,2190,83,within hours,2900
049487fe-eca5-4721-a20c-52e3a0dc3cea,CHS_2,955,72.0,900,683,within hours,147
89e3be7c-60fc-4f8b-8ce2-e03da9c4beea,MIRAVIEW.kr,23000,72.0,1825,705,within hours,3700
8c98f3b0-0e36-4c77-a003-24f2ffe151ca,32DayTech,1500,81.0,2190,62,within hours,428
8ef67264-79ae-447d-9f69-3d0598a5b033,R9 IT Online Store,455,62.0,1095,86,within hours,83
523d75d2-f94c-4f73-a478-a6575679ab6b,ApexStore,1200,89.0,1460,13,within minutes,749
14c35d85-6280-41cc-acbe-4771a47ed816,Xiaomi Official,17000,45.0,1460,245,within hours,28500
28d5f082-31b8-4c7c-8f41-1328c83f8e6a,Milink.sg,775,47.0,870,66,within hours,942
a2c3a04d-d5c4-4bc9-8257-37ff0f3367ce,PLAY,54,100.0,1825,22,within hours,214
bf74c8b6-a7b2-4496-814f-5122a270b321,Home & Life Essentials,8700,72.0,2190,197,within hours,1500
6483e1eb-a05a-4e8c-90de-f7f1110597ad,Fansu Store.sg,35,97.0,930,67,within hours,62
b4c2c080-9886-42c0-9fc1-de88878931d1,berago.sg,11400,100.0,2190,306,within minutes,1700
6a69cc5f-8a17-4b2f-92b3-c28f08c8dc03,spoetry01.sg,3700,100.0,1825,286,within minutes,1600
11ef9663-87a3-441d-9669-4bef69964acf,QY Home Living.,1700,99.0,300,36,within minutes,1900
e1b03901-1db2-4136-8619-cc614839ee0d,Xiaomi Global Official Store,48800,75.0,1460,150,within hours,132800
c4a90064-73ca-4af1-8487-28051a53cc3a,Enrichreal.Electronics,8100,96.0,2920,112,within hours,6400
81be85de-ed96-42dc-a044-84dfc5b1d9c2,Metapod Official Store,5700,65.0,1020,797,within hours,15800
5cda6e39-4f9a-4162-9008-3c4f488a9472,Hxr Mobile,14400,96.0,1460,108,within hours,1900
79d38a50-d156-4f64-9639-448d57bb4c46,EKOLSINGAPORE,3900,97.0,510,27,within minutes,1800
759149ef-cca0-4dea-9c60-fb9871ebefce,Pffee Official Shop,30900,79.0,2190,92,within hours,10100
a4456c45-447b-4172-ad49-39f8e8f40d9b,earphone 3c store,2600,94.0,1825,947,within hours,513
2b53fa8f-0125-4ec3-9da2-90edc1b911de,LifeStyle Home Gadgets,3100,85.0,1460,79,within minutes,2400
79a1a2c7-be82-4fbf-be99-572e67c95880,Divoom Singapore Official Store,371,76.0,660,14,within hours,1600
c1899ba5-c63e-4729-84bb-06e5cd341f8e,FATSBY,53,75.0,1095,28,within hours,34
06b845e1-4ecd-4eab-8103-a18ffe1a56d9,Yoga-occkic6.sg,1000,100.0,1095,214,within hours,458
9e944e4b-8f52-4b55-899e-746ef24cb316,berago1.sg,187,100.0,1095,92,within minutes,89
1e682721-07e6-43de-b1b1-83d3a18f5903,QY Mall,388,81.0,180,37,within hours,654
a4955dab-6fea-45a4-a38c-bf72437b2637,Young N Shine,19300,64.0,2190,320,within hours,7300
144ac5b9-8634-403c-8121-0aaaedc302fc,VIP.SG,6700,59.0,1460,253,within hours,2000
bc7e1546-674a-4106-8a9d-e439934c79cf,SQ_80Luv,2700,86.0,990,25,within hours,1300
e0ac9033-7129-49ec-8158-9505dd80a3da,ùêïùêÖ VINNFIER OFFICIAL STORE SG,416,68.0,780,68,within hours,1100
061b041a-1089-43e7-a0b9-78b9ec728502,KHUANKO SHOP,3000,28.0,870,99,within hours,471
896beafd-d121-464a-9fc6-56c516c6c361,fanyi.os,99,37.0,180,95,within hours,65
fbb10a8b-20ce-4a0f-a08b-06f268b1017d,Blackdot Official Store,40100,100.0,1460,22,within hours,32700
f14a9a11-89eb-46c8-86ce-1ff372833da6,Dreambest.sg,4,82.0,90,43,within hours,2
b26048be-0072-4e5a-a851-eb79f078d6a7,cicity.sg,3800,17.0,1095,166,within hours,1100
f5c98ece-a617-4871-9ddf-203d456af25e,JBL Official Store,29100,66.0,1825,234,within hours,91300
c738ea60-48da-46a2-a342-483624bb36da,D.H Digital Store .sg,3800,100.0,480,95,within minutes,1400
b7b2c264-6075-4916-8d7d-97f885a90ee4,Realwe,12500,72.0,2190,269,within hours,3700
1ede3fdf-7657-4120-a0f2-be10f8c66441,LittleDreamStoreSG,3300,95.0,630,68,within hours,3000
814b9f15-dacf-4a5b-92ee-6117a7174df5,TheOne.OnlyGenuine.sg,528,85.0,900,285,within hours,1600
b1d43832-8c8f-4f64-96d6-16e9679fa256,HOME furniture.sg,4,84.0,60,68,within minutes,11
7bfcaaa1-b702-4d4b-bf7d-81867661cfd5,amazingrew.sg,592,57.0,1825,103,within minutes,217
fd435c0d-d10a-4b83-9073-98f7411d44cc,Heng¬†Tech,799,44.0,690,67,within hours,700
31c8d47d-d3f9-4f46-a14c-c33917b224ef,Cantik Butterfly,7100,78.0,2555,144,within hours,7600
d2226b43-303f-4cd6-aadd-30fe9539bdbd,Phone External Storage Pendrive,3800,96.0,1460,280,within hours,1100
fa1af9a5-87b3-4e9c-8502-d43fa59aec31,Remax Official Store,10800,72.0,1460,185,within hours,14200
68e951ae-f401-410d-a852-d51250ec98c9,Warm Station,804800,100.0,2190,9800,within minutes,90300
569b2dff-1680-4f40-98cd-e26d6bf932a3,Avanzars.sg,37,93.0,90,6,within hours,21
3c9238ab-de77-450e-ac63-2bf0d7d3320c,LenCn LivePods Store,517,86.0,780,27,within minutes,168
7393f4e8-e70e-4b7c-9b7a-70d305a4f001,Kebidumeilife Store,11600,32.0,2190,603,within hours,5700
8da12821-f6c4-4eaa-88f6-9629bb44c9a1,Special new item shop,323,66.0,1020,472,within hours,364
b672b74b-a7d1-4c42-9eeb-e07affbcd519,openmall.sg,19100,100.0,2190,1600,within minutes,2700
adc54fad-204d-4fe4-888c-dea66a5b9096,goodia1.sg,8700,100.0,1095,373,within minutes,1600
affe5512-333f-4dfa-a8cc-53e2887be2d0,greensea.sg,3900,68.0,1825,990,within hours,798
edb56acd-f5cb-416b-b041-8b9ce5baccba,EASTCODE-SG,2300,63.0,900,67,within hours,2000
a97f66e8-f3da-4dc5-b3c3-65eb0b0bb6fb,Isabelle010,570,98.0,930,98,within hours,363
a261054d-23f4-4ef9-bf1e-4a437f6b3069,Sprint-Cass,5000,46.0,1460,835,within hours,6500
ceb00616-3542-43eb-903d-543bafd6fc6e,booboom Cycling,3900,42.0,1460,994,within hours,1000
f51650d8-5419-4145-a88c-6e5007a60a6b,Creative Official Store,6100,98.0,690,39,within hours,3800
1f9e2bce-4b09-421d-b3ba-ca90cfea55bc,Life Electronics shop,124,84.0,480,36,within minutes,64
cfc63880-5b9a-4dc6-903a-cbaaf51e422d,Shun Star.sg,14200,58.0,1020,145,within hours,4800
c8c9661c-f66a-4b30-b962-89d517970a82,vixi2020.sg,2900,17.0,1095,50,within minutes,517
392208ac-9cbb-4984-8bbc-237ec2da0a08,The101deals,36300,77.0,1825,96,within hours,3900
8d7f90f2-05b5-4ab9-ae3b-e2d798c56e1d,SVIP_SG,11400,68.0,1825,76,within hours,2800
1d73dc83-e503-4841-bfd5-fb689c8a8d3e,Techwave.sg,3000,49.0,900,54,within hours,2200
e786f7a9-445f-4ef5-ad8c-71e5e0af234a,Upowee.sg,3700,54.0,1460,24,within hours,1300
6242ef4e-dc77-4855-85dc-52393195ee0c,minisq,1600,74.0,2555,2800,within hours,3600
8d519baf-42aa-43a4-a29c-bb9e2df12182,Vention Official Store,124100,100.0,1825,412,within minutes,44600
07b010d6-9582-4b5d-9b77-fe2f02ecda63,1STSHOP,9500,91.0,2920,538,within hours,4700
358eafab-6a5f-4a70-a4f1-7e4e7c90c4e0,Emrys Home SG,476,99.0,360,21,within hours,404
def85fb4-073d-4b68-b22e-5dc4cf2f0521,whaletool,12400,99.0,1460,1200,within hours,4200
